EQUIPMENTID,LANE_BUNDLE_DIRECTION,AGG_PERIOD_START,TOTAL_VOLUME
121725,C,01/01/2015 00:00,650
121725,C,01/01/2015 01:00,1027
121725,C,01/01/2015 02:00,733
121725,C,01/01/2015 03:00,528
121725,C,01/01/2015 04:00,419
121725,C,01/01/2015 05:00,288
121725,C,01/01/2015 06:00,232
121725,C,01/01/2015 07:00,295
121725,C,01/01/2015 08:00,222
121725,C,01/01/2015 09:00,220
121725,C,01/01/2015 10:00,368
121725,C,01/01/2015 11:00,597
121725,C,01/01/2015 12:00,1011
121725,C,01/01/2015 13:00,1101
121725,C,01/01/2015 14:00,1003
121725,C,01/01/2015 15:00,1340
121725,C,01/01/2015 16:00,1341
121725,C,01/01/2015 17:00,1317
121725,C,01/01/2015 18:00,1209
121725,C,01/01/2015 19:00,1054
121725,C,01/01/2015 20:00,989
121725,C,01/01/2015 21:00,944
121725,C,01/01/2015 22:00,748
121725,C,01/01/2015 23:00,519
121725,D,01/01/2015 00:00,596
121725,D,01/01/2015 01:00,972
121725,D,01/01/2015 02:00,729
121725,D,01/01/2015 03:00,568
121725,D,01/01/2015 04:00,439
121725,D,01/01/2015 05:00,385
121725,D,01/01/2015 06:00,286
121725,D,01/01/2015 07:00,302
121725,D,01/01/2015 08:00,287
121725,D,01/01/2015 09:00,323
121725,D,01/01/2015 10:00,456
121725,D,01/01/2015 11:00,801
121725,D,01/01/2015 12:00,1346
121725,D,01/01/2015 13:00,1164
121725,D,01/01/2015 14:00,896
121725,D,01/01/2015 15:00,1068
121725,D,01/01/2015 16:00,1408
121725,D,01/01/2015 17:00,1490
121725,D,01/01/2015 18:00,1468
121725,D,01/01/2015 19:00,1127
121725,D,01/01/2015 20:00,826
121725,D,01/01/2015 21:00,821
121725,D,01/01/2015 22:00,714
121725,D,01/01/2015 23:00,539
121727,C,01/01/2015 00:00,1043
121727,C,01/01/2015 01:00,1835
121727,C,01/01/2015 02:00,1224
121727,C,01/01/2015 03:00,923
121727,C,01/01/2015 04:00,756
121727,C,01/01/2015 05:00,511
121727,C,01/01/2015 06:00,404
121727,C,01/01/2015 07:00,523
121727,C,01/01/2015 08:00,373
121727,C,01/01/2015 09:00,403
121727,C,01/01/2015 10:00,620
121727,C,01/01/2015 11:00,1026
121727,C,01/01/2015 12:00,1731
121727,C,01/01/2015 13:00,2037
121727,C,01/01/2015 14:00,1537
121727,C,01/01/2015 15:00,2030
121727,C,01/01/2015 16:00,2359
121727,C,01/01/2015 17:00,2418
121727,C,01/01/2015 18:00,2171
121727,C,01/01/2015 19:00,1805
121727,C,01/01/2015 20:00,1579
121727,C,01/01/2015 21:00,1541
121727,C,01/01/2015 22:00,1219
121727,C,01/01/2015 23:00,860
121727,D,01/01/2015 00:00,1098
121727,D,01/01/2015 01:00,1888
121727,D,01/01/2015 02:00,1465
121727,D,01/01/2015 03:00,1080
121727,D,01/01/2015 04:00,846
121727,D,01/01/2015 05:00,676
121727,D,01/01/2015 06:00,541
121727,D,01/01/2015 07:00,486
121727,D,01/01/2015 08:00,474
121727,D,01/01/2015 09:00,477
121727,D,01/01/2015 10:00,637
121727,D,01/01/2015 11:00,1168
121727,D,01/01/2015 12:00,1923
121727,D,01/01/2015 13:00,1888
121727,D,01/01/2015 14:00,1496
121727,D,01/01/2015 15:00,1827
121727,D,01/01/2015 16:00,2319
121727,D,01/01/2015 17:00,2338
121727,D,01/01/2015 18:00,2279
121727,D,01/01/2015 19:00,1876
121727,D,01/01/2015 20:00,1547
121727,D,01/01/2015 21:00,1397
121727,D,01/01/2015 22:00,1252
121727,D,01/01/2015 23:00,960
121729,C,01/01/2015 00:00,221
121729,C,01/01/2015 01:00,314
121729,C,01/01/2015 02:00,246
121729,C,01/01/2015 03:00,193
121729,C,01/01/2015 04:00,146
121729,C,01/01/2015 05:00,114
121729,C,01/01/2015 06:00,80
121729,C,01/01/2015 07:00,138
121729,C,01/01/2015 08:00,113
121729,C,01/01/2015 09:00,110
121729,C,01/01/2015 10:00,205
121729,C,01/01/2015 11:00,335
121729,C,01/01/2015 12:00,564
121729,C,01/01/2015 13:00,576
121729,C,01/01/2015 14:00,737
121729,C,01/01/2015 15:00,766
121729,C,01/01/2015 16:00,869
121729,C,01/01/2015 17:00,845
121729,C,01/01/2015 18:00,812
121729,C,01/01/2015 19:00,667
121729,C,01/01/2015 20:00,530
121729,C,01/01/2015 21:00,491
121729,C,01/01/2015 22:00,419
121729,C,01/01/2015 23:00,249
121729,D,01/01/2015 00:00,176
121729,D,01/01/2015 01:00,423
121729,D,01/01/2015 02:00,288
121729,D,01/01/2015 03:00,187
121729,D,01/01/2015 04:00,119
121729,D,01/01/2015 05:00,132
121729,D,01/01/2015 06:00,102
121729,D,01/01/2015 07:00,106
121729,D,01/01/2015 08:00,143
121729,D,01/01/2015 09:00,168
121729,D,01/01/2015 10:00,296
121729,D,01/01/2015 11:00,532
121729,D,01/01/2015 12:00,692
121729,D,01/01/2015 13:00,568
121729,D,01/01/2015 14:00,472
121729,D,01/01/2015 15:00,679
121729,D,01/01/2015 16:00,897
121729,D,01/01/2015 17:00,1184
121729,D,01/01/2015 18:00,778
121729,D,01/01/2015 19:00,574
121729,D,01/01/2015 20:00,419
121729,D,01/01/2015 21:00,352
121729,D,01/01/2015 22:00,257
121729,D,01/01/2015 23:00,194
121730,C,01/01/2015 00:00,276
121730,C,01/01/2015 01:00,428
121730,C,01/01/2015 02:00,327
121730,C,01/01/2015 03:00,233
121730,C,01/01/2015 04:00,178
121730,C,01/01/2015 05:00,155
121730,C,01/01/2015 06:00,107
121730,C,01/01/2015 07:00,184
121730,C,01/01/2015 08:00,138
121730,C,01/01/2015 09:00,132
121730,C,01/01/2015 10:00,247
121730,C,01/01/2015 11:00,402
121730,C,01/01/2015 12:00,632
121730,C,01/01/2015 13:00,679
121730,C,01/01/2015 14:00,926
121730,C,01/01/2015 15:00,970
121730,C,01/01/2015 16:00,1043
121730,C,01/01/2015 17:00,1052
121730,C,01/01/2015 18:00,1007
121730,C,01/01/2015 19:00,804
121730,C,01/01/2015 20:00,656
121730,C,01/01/2015 21:00,608
121730,C,01/01/2015 22:00,508
121730,C,01/01/2015 23:00,307
121730,D,01/01/2015 00:00,215
121730,D,01/01/2015 01:00,528
121730,D,01/01/2015 02:00,357
121730,D,01/01/2015 03:00,248
121730,D,01/01/2015 04:00,166
121730,D,01/01/2015 05:00,174
121730,D,01/01/2015 06:00,133
121730,D,01/01/2015 07:00,135
121730,D,01/01/2015 08:00,171
121730,D,01/01/2015 09:00,193
121730,D,01/01/2015 10:00,334
121730,D,01/01/2015 11:00,617
121730,D,01/01/2015 12:00,853
121730,D,01/01/2015 13:00,696
121730,D,01/01/2015 14:00,570
121730,D,01/01/2015 15:00,759
121730,D,01/01/2015 16:00,1020
121730,D,01/01/2015 17:00,1382
121730,D,01/01/2015 18:00,921
121730,D,01/01/2015 19:00,679
121730,D,01/01/2015 20:00,454
121730,D,01/01/2015 21:00,410
121730,D,01/01/2015 22:00,301
121730,D,01/01/2015 23:00,225
121731,C,01/01/2015 00:00,1231
121731,C,01/01/2015 01:00,1693
121731,C,01/01/2015 02:00,1332
121731,C,01/01/2015 03:00,881
121731,C,01/01/2015 04:00,707
121731,C,01/01/2015 05:00,557
121731,C,01/01/2015 06:00,396
121731,C,01/01/2015 07:00,506
121731,C,01/01/2015 08:00,348
121731,C,01/01/2015 09:00,398
121731,C,01/01/2015 10:00,643
121731,C,01/01/2015 11:00,1182
121731,C,01/01/2015 12:00,1775
121731,C,01/01/2015 13:00,1785
121731,C,01/01/2015 14:00,1866
121731,C,01/01/2015 15:00,2181
121731,C,01/01/2015 16:00,2350
121731,C,01/01/2015 17:00,2471
121731,C,01/01/2015 18:00,2208
121731,C,01/01/2015 19:00,1816
121731,C,01/01/2015 20:00,1548
121731,C,01/01/2015 21:00,1471
121731,C,01/01/2015 22:00,1266
121731,C,01/01/2015 23:00,855
121731,D,01/01/2015 00:00,1014
121731,D,01/01/2015 01:00,1597
121731,D,01/01/2015 02:00,1205
121731,D,01/01/2015 03:00,885
121731,D,01/01/2015 04:00,682
121731,D,01/01/2015 05:00,558
121731,D,01/01/2015 06:00,452
121731,D,01/01/2015 07:00,431
121731,D,01/01/2015 08:00,432
121731,D,01/01/2015 09:00,405
121731,D,01/01/2015 10:00,690
121731,D,01/01/2015 11:00,1177
121731,D,01/01/2015 12:00,1881
121731,D,01/01/2015 13:00,1900
121731,D,01/01/2015 14:00,1507
121731,D,01/01/2015 15:00,1911
121731,D,01/01/2015 16:00,2570
121731,D,01/01/2015 17:00,2930
121731,D,01/01/2015 18:00,2305
121731,D,01/01/2015 19:00,1778
121731,D,01/01/2015 20:00,1408
121731,D,01/01/2015 21:00,1314
121731,D,01/01/2015 22:00,1103
121731,D,01/01/2015 23:00,810
121732,C,01/01/2015 00:00,1334
121732,C,01/01/2015 01:00,1764
121732,C,01/01/2015 02:00,1387
121732,C,01/01/2015 03:00,898
121732,C,01/01/2015 04:00,706
121732,C,01/01/2015 05:00,594
121732,C,01/01/2015 06:00,410
121732,C,01/01/2015 07:00,594
121732,C,01/01/2015 08:00,403
121732,C,01/01/2015 09:00,454
121732,C,01/01/2015 10:00,730
121732,C,01/01/2015 11:00,1318
121732,C,01/01/2015 12:00,1952
121732,C,01/01/2015 13:00,1911
121732,C,01/01/2015 14:00,1525
121732,C,01/01/2015 15:00,2063
121732,C,01/01/2015 16:00,2523
121732,C,01/01/2015 17:00,3068
121732,C,01/01/2015 18:00,2308
121732,C,01/01/2015 19:00,1932
121732,C,01/01/2015 20:00,1618
121732,C,01/01/2015 21:00,1599
121732,C,01/01/2015 22:00,1350
121732,C,01/01/2015 23:00,948
121732,D,01/01/2015 00:00,1026
121732,D,01/01/2015 01:00,1622
121732,D,01/01/2015 02:00,1254
121732,D,01/01/2015 03:00,932
121732,D,01/01/2015 04:00,752
121732,D,01/01/2015 05:00,598
121732,D,01/01/2015 06:00,470
121732,D,01/01/2015 07:00,461
121732,D,01/01/2015 08:00,456
121732,D,01/01/2015 09:00,428
121732,D,01/01/2015 10:00,690
121732,D,01/01/2015 11:00,1170
121732,D,01/01/2015 12:00,1892
121732,D,01/01/2015 13:00,2044
121732,D,01/01/2015 14:00,2208
121732,D,01/01/2015 15:00,2611
121732,D,01/01/2015 16:00,2538
121732,D,01/01/2015 17:00,2533
121732,D,01/01/2015 18:00,2386
121732,D,01/01/2015 19:00,1906
121732,D,01/01/2015 20:00,1475
121732,D,01/01/2015 21:00,1378
121732,D,01/01/2015 22:00,1223
121732,D,01/01/2015 23:00,853
121733,C,01/01/2015 00:00,1608
121733,C,01/01/2015 01:00,2296
121733,C,01/01/2015 02:00,1727
121733,C,01/01/2015 03:00,1065
121733,C,01/01/2015 04:00,851
121733,C,01/01/2015 05:00,703
121733,C,01/01/2015 06:00,514
121733,C,01/01/2015 07:00,679
121733,C,01/01/2015 08:00,474
121733,C,01/01/2015 09:00,525
121733,C,01/01/2015 10:00,864
121733,C,01/01/2015 11:00,1501
121733,C,01/01/2015 12:00,2364
121733,C,01/01/2015 13:00,2216
121733,C,01/01/2015 14:00,1781
121733,C,01/01/2015 15:00,2334
121733,C,01/01/2015 16:00,3009
121733,C,01/01/2015 17:00,3896
121733,C,01/01/2015 18:00,2627
121733,C,01/01/2015 19:00,2177
121733,C,01/01/2015 20:00,1784
121733,C,01/01/2015 21:00,1764
121733,C,01/01/2015 22:00,1546
121733,C,01/01/2015 23:00,1109
121733,D,01/01/2015 00:00,1424
121733,D,01/01/2015 01:00,2167
121733,D,01/01/2015 02:00,1673
121733,D,01/01/2015 03:00,1211
121733,D,01/01/2015 04:00,941
121733,D,01/01/2015 05:00,709
121733,D,01/01/2015 06:00,600
121733,D,01/01/2015 07:00,619
121733,D,01/01/2015 08:00,544
121733,D,01/01/2015 09:00,515
121733,D,01/01/2015 10:00,783
121733,D,01/01/2015 11:00,1439
121733,D,01/01/2015 12:00,2311
121733,D,01/01/2015 13:00,2607
121733,D,01/01/2015 14:00,2924
121733,D,01/01/2015 15:00,3217
121733,D,01/01/2015 16:00,2984
121733,D,01/01/2015 17:00,2905
121733,D,01/01/2015 18:00,2925
121733,D,01/01/2015 19:00,2378
121733,D,01/01/2015 20:00,1877
121733,D,01/01/2015 21:00,1686
121733,D,01/01/2015 22:00,1557
121733,D,01/01/2015 23:00,1117
121734,C,01/01/2015 00:00,1555
121734,C,01/01/2015 01:00,2437
121734,C,01/01/2015 02:00,1722
121734,C,01/01/2015 03:00,981
121734,C,01/01/2015 04:00,772
121734,C,01/01/2015 05:00,662
121734,C,01/01/2015 06:00,533
121734,C,01/01/2015 07:00,758
121734,C,01/01/2015 08:00,471
121734,C,01/01/2015 09:00,559
121734,C,01/01/2015 10:00,758
121734,C,01/01/2015 11:00,1363
121734,C,01/01/2015 12:00,2262
121734,C,01/01/2015 13:00,2382
121734,C,01/01/2015 14:00,2005
121734,C,01/01/2015 15:00,2890
121734,C,01/01/2015 16:00,3097
121734,C,01/01/2015 17:00,3241
121734,C,01/01/2015 18:00,2649
121734,C,01/01/2015 19:00,2388
121734,C,01/01/2015 20:00,1938
121734,C,01/01/2015 21:00,2029
121734,C,01/01/2015 22:00,1733
121734,C,01/01/2015 23:00,1242
121734,D,01/01/2015 00:00,1899
121734,D,01/01/2015 01:00,2918
121734,D,01/01/2015 02:00,2250
121734,D,01/01/2015 03:00,1696
121734,D,01/01/2015 04:00,1324
121734,D,01/01/2015 05:00,974
121734,D,01/01/2015 06:00,757
121734,D,01/01/2015 07:00,661
121734,D,01/01/2015 08:00,643
121734,D,01/01/2015 09:00,611
121734,D,01/01/2015 10:00,903
121734,D,01/01/2015 11:00,1624
121734,D,01/01/2015 12:00,2756
121734,D,01/01/2015 13:00,2686
121734,D,01/01/2015 14:00,2270
121734,D,01/01/2015 15:00,2393
121734,D,01/01/2015 16:00,2944
121734,D,01/01/2015 17:00,3321
121734,D,01/01/2015 18:00,3098
121734,D,01/01/2015 19:00,2493
121734,D,01/01/2015 20:00,1980
121734,D,01/01/2015 21:00,1753
121734,D,01/01/2015 22:00,1529
121734,D,01/01/2015 23:00,1187
121735,C,01/01/2015 00:00,1793
121735,C,01/01/2015 01:00,2819
121735,C,01/01/2015 02:00,2108
121735,C,01/01/2015 03:00,1291
121735,C,01/01/2015 04:00,1066
121735,C,01/01/2015 05:00,910
121735,C,01/01/2015 06:00,716
121735,C,01/01/2015 07:00,808
121735,C,01/01/2015 08:00,591
121735,C,01/01/2015 09:00,576
121735,C,01/01/2015 10:00,792
121735,C,01/01/2015 11:00,1430
121735,C,01/01/2015 12:00,2434
121735,C,01/01/2015 13:00,2531
121735,C,01/01/2015 14:00,2103
121735,C,01/01/2015 15:00,2857
121735,C,01/01/2015 16:00,3222
121735,C,01/01/2015 17:00,3378
121735,C,01/01/2015 18:00,2834
121735,C,01/01/2015 19:00,2495
121735,C,01/01/2015 20:00,2100
121735,C,01/01/2015 21:00,2056
121735,C,01/01/2015 22:00,1774
121735,C,01/01/2015 23:00,1276
121735,D,01/01/2015 00:00,1579
121735,D,01/01/2015 01:00,2347
121735,D,01/01/2015 02:00,1817
121735,D,01/01/2015 03:00,1364
121735,D,01/01/2015 04:00,1100
121735,D,01/01/2015 05:00,795
121735,D,01/01/2015 06:00,650
121735,D,01/01/2015 07:00,606
121735,D,01/01/2015 08:00,525
121735,D,01/01/2015 09:00,564
121735,D,01/01/2015 10:00,845
121735,D,01/01/2015 11:00,1517
121735,D,01/01/2015 12:00,2595
121735,D,01/01/2015 13:00,2543
121735,D,01/01/2015 14:00,2222
121735,D,01/01/2015 15:00,2308
121735,D,01/01/2015 16:00,2805
121735,D,01/01/2015 17:00,3157
121735,D,01/01/2015 18:00,2912
121735,D,01/01/2015 19:00,2269
121735,D,01/01/2015 20:00,1848
121735,D,01/01/2015 21:00,1726
121735,D,01/01/2015 22:00,1501
121735,D,01/01/2015 23:00,1152
121736,C,01/01/2015 00:00,456
121736,C,01/01/2015 01:00,933
121736,C,01/01/2015 02:00,536
121736,C,01/01/2015 03:00,270
121736,C,01/01/2015 04:00,186
121736,C,01/01/2015 05:00,101
121736,C,01/01/2015 06:00,60
121736,C,01/01/2015 07:00,67
121736,C,01/01/2015 08:00,54
121736,C,01/01/2015 09:00,51
121736,C,01/01/2015 10:00,89
121736,C,01/01/2015 11:00,307
121736,C,01/01/2015 12:00,817
121736,C,01/01/2015 13:00,921
121736,C,01/01/2015 14:00,667
121736,C,01/01/2015 15:00,354
121736,D,01/01/2015 00:00,1340
121736,D,01/01/2015 01:00,2106
121736,D,01/01/2015 02:00,1548
121736,D,01/01/2015 03:00,1058
121736,D,01/01/2015 04:00,862
121736,D,01/01/2015 05:00,737
121736,D,01/01/2015 06:00,550
121736,D,01/01/2015 07:00,655
121736,D,01/01/2015 08:00,543
121736,D,01/01/2015 09:00,583
121736,D,01/01/2015 10:00,803
121736,D,01/01/2015 11:00,1369
121736,D,01/01/2015 12:00,2059
121736,D,01/01/2015 13:00,2178
121736,D,01/01/2015 14:00,1911
121736,D,01/01/2015 15:00,779
121737,C,01/01/2015 00:00,371
121737,C,01/01/2015 01:00,582
121737,C,01/01/2015 02:00,459
121737,C,01/01/2015 03:00,352
121737,C,01/01/2015 04:00,295
121737,C,01/01/2015 05:00,222
121737,C,01/01/2015 06:00,144
121737,C,01/01/2015 07:00,210
121737,C,01/01/2015 08:00,190
121737,C,01/01/2015 09:00,167
121737,C,01/01/2015 10:00,354
121737,C,01/01/2015 11:00,543
121737,C,01/01/2015 12:00,885
121737,C,01/01/2015 13:00,884
121737,C,01/01/2015 14:00,1122
121737,C,01/01/2015 15:00,1152
121737,C,01/01/2015 16:00,1315
121737,C,01/01/2015 17:00,1354
121737,C,01/01/2015 18:00,1225
121737,C,01/01/2015 19:00,997
121737,C,01/01/2015 20:00,830
121737,C,01/01/2015 21:00,716
121737,C,01/01/2015 22:00,638
121737,C,01/01/2015 23:00,388
121737,D,01/01/2015 00:00,396
121737,D,01/01/2015 01:00,807
121737,D,01/01/2015 02:00,543
121737,D,01/01/2015 03:00,343
121737,D,01/01/2015 04:00,263
121737,D,01/01/2015 05:00,237
121737,D,01/01/2015 06:00,181
121737,D,01/01/2015 07:00,218
121737,D,01/01/2015 08:00,218
121737,D,01/01/2015 09:00,245
121737,D,01/01/2015 10:00,422
121737,D,01/01/2015 11:00,760
121737,D,01/01/2015 12:00,1099
121737,D,01/01/2015 13:00,927
121737,D,01/01/2015 14:00,770
121737,D,01/01/2015 15:00,1115
121737,D,01/01/2015 16:00,1393
121737,D,01/01/2015 17:00,1769
121737,D,01/01/2015 18:00,1189
121737,D,01/01/2015 19:00,878
121737,D,01/01/2015 20:00,684
121737,D,01/01/2015 21:00,638
121737,D,01/01/2015 22:00,500
121737,D,01/01/2015 23:00,330
121738,C,01/01/2015 00:00,415
121738,C,01/01/2015 01:00,663
121738,C,01/01/2015 02:00,498
121738,C,01/01/2015 03:00,352
121738,C,01/01/2015 04:00,291
121738,C,01/01/2015 05:00,200
121738,C,01/01/2015 06:00,149
121738,C,01/01/2015 07:00,219
121738,C,01/01/2015 08:00,196
121738,C,01/01/2015 09:00,187
121738,C,01/01/2015 10:00,358
121738,C,01/01/2015 11:00,558
121738,C,01/01/2015 12:00,846
121738,C,01/01/2015 13:00,934
121738,C,01/01/2015 14:00,1211
121738,C,01/01/2015 15:00,1263
121738,C,01/01/2015 16:00,1312
121738,C,01/01/2015 17:00,1310
121738,C,01/01/2015 18:00,1249
121738,C,01/01/2015 19:00,994
121738,C,01/01/2015 20:00,837
121738,C,01/01/2015 21:00,784
121738,C,01/01/2015 22:00,669
121738,C,01/01/2015 23:00,421
121738,D,01/01/2015 00:00,416
121738,D,01/01/2015 01:00,818
121738,D,01/01/2015 02:00,567
121738,D,01/01/2015 03:00,388
121738,D,01/01/2015 04:00,285
121738,D,01/01/2015 05:00,282
121738,D,01/01/2015 06:00,222
121738,D,01/01/2015 07:00,228
121738,D,01/01/2015 08:00,240
121738,D,01/01/2015 09:00,251
121738,D,01/01/2015 10:00,417
121738,D,01/01/2015 11:00,759
121738,D,01/01/2015 12:00,1050
121738,D,01/01/2015 13:00,1002
121738,D,01/01/2015 14:00,743
121738,D,01/01/2015 15:00,1009
121738,D,01/01/2015 16:00,1411
121738,D,01/01/2015 17:00,1920
121738,D,01/01/2015 18:00,1257
121738,D,01/01/2015 19:00,929
121738,D,01/01/2015 20:00,669
121738,D,01/01/2015 21:00,614
121738,D,01/01/2015 22:00,508
121738,D,01/01/2015 23:00,361
121741,C,01/01/2015 00:00,1065
121741,C,01/01/2015 01:00,1771
121741,C,01/01/2015 02:00,1453
121741,C,01/01/2015 03:00,1102
121741,C,01/01/2015 04:00,974
121741,C,01/01/2015 05:00,685
121741,C,01/01/2015 06:00,523
121741,C,01/01/2015 07:00,538
121741,C,01/01/2015 08:00,386
121741,C,01/01/2015 09:00,409
121741,C,01/01/2015 10:00,573
121741,C,01/01/2015 11:00,1000
121741,C,01/01/2015 12:00,1805
121741,C,01/01/2015 13:00,1904
121741,C,01/01/2015 14:00,1374
121741,C,01/01/2015 15:00,1550
121741,C,01/01/2015 16:00,2037
121741,C,01/01/2015 17:00,2179
121741,C,01/01/2015 18:00,2119
121741,C,01/01/2015 19:00,1685
121741,C,01/01/2015 20:00,1361
121741,C,01/01/2015 21:00,1380
121741,C,01/01/2015 22:00,1123
121741,C,01/01/2015 23:00,906
121741,D,01/01/2015 00:00,1223
121741,D,01/01/2015 01:00,1940
121741,D,01/01/2015 02:00,1495
121741,D,01/01/2015 03:00,1053
121741,D,01/01/2015 04:00,792
121741,D,01/01/2015 05:00,621
121741,D,01/01/2015 06:00,541
121741,D,01/01/2015 07:00,519
121741,D,01/01/2015 08:00,478
121741,D,01/01/2015 09:00,517
121741,D,01/01/2015 10:00,692
121741,D,01/01/2015 11:00,1283
121741,D,01/01/2015 12:00,2101
121741,D,01/01/2015 13:00,2144
121741,D,01/01/2015 14:00,1704
121741,D,01/01/2015 15:00,2204
121741,D,01/01/2015 16:00,2715
121741,D,01/01/2015 17:00,2569
121741,D,01/01/2015 18:00,2427
121741,D,01/01/2015 19:00,2027
121741,D,01/01/2015 20:00,1768
121741,D,01/01/2015 21:00,1653
121741,D,01/01/2015 22:00,1417
121741,D,01/01/2015 23:00,1053
121742,C,01/01/2015 00:00,1490
121742,C,01/01/2015 01:00,2343
121742,C,01/01/2015 02:00,1959
121742,C,01/01/2015 03:00,1465
121742,C,01/01/2015 04:00,1273
121742,C,01/01/2015 05:00,883
121742,C,01/01/2015 06:00,720
121742,C,01/01/2015 07:00,684
121742,C,01/01/2015 08:00,500
121742,C,01/01/2015 09:00,528
121742,C,01/01/2015 10:00,821
121742,C,01/01/2015 11:00,1389
121742,C,01/01/2015 12:00,2466
121742,C,01/01/2015 13:00,2556
121742,C,01/01/2015 14:00,1883
121742,C,01/01/2015 15:00,2138
121742,C,01/01/2015 16:00,2858
121742,C,01/01/2015 17:00,3198
121742,C,01/01/2015 18:00,2912
121742,C,01/01/2015 19:00,2242
121742,C,01/01/2015 20:00,1845
121742,C,01/01/2015 21:00,1812
121742,C,01/01/2015 22:00,1503
121742,C,01/01/2015 23:00,1180
121742,D,01/01/2015 00:00,1436
121742,D,01/01/2015 01:00,2317
121742,D,01/01/2015 02:00,1715
121742,D,01/01/2015 03:00,1163
121742,D,01/01/2015 04:00,857
121742,D,01/01/2015 05:00,685
121742,D,01/01/2015 06:00,583
121742,D,01/01/2015 07:00,593
121742,D,01/01/2015 08:00,559
121742,D,01/01/2015 09:00,629
121742,D,01/01/2015 10:00,897
121742,D,01/01/2015 11:00,1502
121742,D,01/01/2015 12:00,2373
121742,D,01/01/2015 13:00,2471
121742,D,01/01/2015 14:00,2183
121742,D,01/01/2015 15:00,2883
121742,D,01/01/2015 16:00,3233
121742,D,01/01/2015 17:00,2865
121742,D,01/01/2015 18:00,2690
121742,D,01/01/2015 19:00,2329
121742,D,01/01/2015 20:00,2025
121742,D,01/01/2015 21:00,1919
121742,D,01/01/2015 22:00,1651
121742,D,01/01/2015 23:00,1187
121744,C,01/01/2015 00:00,869
121744,C,01/01/2015 01:00,1621
121744,C,01/01/2015 02:00,1178
121744,C,01/01/2015 03:00,799
121744,C,01/01/2015 04:00,659
121744,C,01/01/2015 05:00,541
121744,C,01/01/2015 06:00,398
121744,C,01/01/2015 07:00,353
121744,C,01/01/2015 08:00,319
121744,C,01/01/2015 09:00,233
121744,C,01/01/2015 10:00,370
121744,C,01/01/2015 11:00,703
121744,C,01/01/2015 12:00,1366
121744,C,01/01/2015 13:00,1299
121744,C,01/01/2015 14:00,872
121744,C,01/01/2015 15:00,1005
121744,C,01/01/2015 16:00,1362
121744,C,01/01/2015 17:00,1716
121744,C,01/01/2015 18:00,1486
121744,C,01/01/2015 19:00,1233
121744,C,01/01/2015 20:00,1077
121744,C,01/01/2015 21:00,951
121744,C,01/01/2015 22:00,940
121744,C,01/01/2015 23:00,728
121744,D,01/01/2015 00:00,728
121744,D,01/01/2015 01:00,1037
121744,D,01/01/2015 02:00,728
121744,D,01/01/2015 03:00,535
121744,D,01/01/2015 04:00,407
121744,D,01/01/2015 05:00,340
121744,D,01/01/2015 06:00,206
121744,D,01/01/2015 07:00,295
121744,D,01/01/2015 08:00,238
121744,D,01/01/2015 09:00,230
121744,D,01/01/2015 10:00,368
121744,D,01/01/2015 11:00,682
121744,D,01/01/2015 12:00,1165
121744,D,01/01/2015 13:00,1230
121744,D,01/01/2015 14:00,1074
121744,D,01/01/2015 15:00,1341
121744,D,01/01/2015 16:00,1247
121744,D,01/01/2015 17:00,1210
121744,D,01/01/2015 18:00,1057
121744,D,01/01/2015 19:00,940
121744,D,01/01/2015 20:00,791
121744,D,01/01/2015 21:00,842
121744,D,01/01/2015 22:00,637
121744,D,01/01/2015 23:00,483
121745,C,01/01/2015 00:00,1067
121745,C,01/01/2015 01:00,1854
121745,C,01/01/2015 02:00,1347
121745,C,01/01/2015 03:00,903
121745,C,01/01/2015 04:00,708
121745,C,01/01/2015 05:00,600
121745,C,01/01/2015 06:00,445
121745,C,01/01/2015 07:00,404
121745,C,01/01/2015 08:00,328
121745,C,01/01/2015 09:00,242
121745,C,01/01/2015 10:00,364
121745,C,01/01/2015 11:00,737
121745,C,01/01/2015 12:00,1422
121745,C,01/01/2015 13:00,1456
121745,C,01/01/2015 14:00,946
121745,C,01/01/2015 15:00,1099
121745,C,01/01/2015 16:00,1462
121745,C,01/01/2015 17:00,1826
121745,C,01/01/2015 18:00,1594
121745,C,01/01/2015 19:00,1358
121745,C,01/01/2015 20:00,1162
121745,C,01/01/2015 21:00,1075
121745,C,01/01/2015 22:00,1023
121745,C,01/01/2015 23:00,773
121745,D,01/01/2015 00:00,934
121745,D,01/01/2015 01:00,1339
121745,D,01/01/2015 02:00,904
121745,D,01/01/2015 03:00,644
121745,D,01/01/2015 04:00,481
121745,D,01/01/2015 05:00,416
121745,D,01/01/2015 06:00,294
121745,D,01/01/2015 07:00,337
121745,D,01/01/2015 08:00,298
121745,D,01/01/2015 09:00,325
121745,D,01/01/2015 10:00,479
121745,D,01/01/2015 11:00,881
121745,D,01/01/2015 12:00,1507
121745,D,01/01/2015 13:00,1567
121745,D,01/01/2015 14:00,1264
121745,D,01/01/2015 15:00,1555
121745,D,01/01/2015 16:00,1501
121745,D,01/01/2015 17:00,1444
121745,D,01/01/2015 18:00,1259
121745,D,01/01/2015 19:00,1188
121745,D,01/01/2015 20:00,1021
121745,D,01/01/2015 21:00,1064
121745,D,01/01/2015 22:00,868
121745,D,01/01/2015 23:00,647
121746,C,01/01/2015 00:00,484
121746,C,01/01/2015 01:00,734
121746,C,01/01/2015 02:00,547
121746,C,01/01/2015 03:00,417
121746,C,01/01/2015 04:00,354
121746,C,01/01/2015 05:00,260
121746,C,01/01/2015 06:00,193
121746,C,01/01/2015 07:00,171
121746,C,01/01/2015 08:00,167
121746,C,01/01/2015 09:00,114
121746,C,01/01/2015 10:00,182
121746,C,01/01/2015 11:00,340
121746,C,01/01/2015 12:00,671
121746,C,01/01/2015 13:00,627
121746,C,01/01/2015 14:00,357
121746,C,01/01/2015 15:00,423
121746,C,01/01/2015 16:00,775
121746,C,01/01/2015 17:00,920
121746,C,01/01/2015 18:00,723
121746,C,01/01/2015 19:00,561
121746,C,01/01/2015 20:00,483
121746,C,01/01/2015 21:00,428
121746,C,01/01/2015 22:00,392
121746,C,01/01/2015 23:00,293
121746,D,01/01/2015 00:00,519
121746,D,01/01/2015 01:00,620
121746,D,01/01/2015 02:00,403
121746,D,01/01/2015 03:00,243
121746,D,01/01/2015 04:00,175
121746,D,01/01/2015 05:00,165
121746,D,01/01/2015 06:00,144
121746,D,01/01/2015 07:00,197
121746,D,01/01/2015 08:00,135
121746,D,01/01/2015 09:00,186
121746,D,01/01/2015 10:00,290
121746,D,01/01/2015 11:00,457
121746,D,01/01/2015 12:00,663
121746,D,01/01/2015 13:00,617
121746,D,01/01/2015 14:00,665
121746,D,01/01/2015 15:00,929
121746,D,01/01/2015 16:00,786
121746,D,01/01/2015 17:00,681
121746,D,01/01/2015 18:00,547
121746,D,01/01/2015 19:00,549
121746,D,01/01/2015 20:00,516
121746,D,01/01/2015 21:00,537
121746,D,01/01/2015 22:00,427
121746,D,01/01/2015 23:00,270
121749,C,01/01/2015 00:00,682
121749,C,01/01/2015 01:00,514
121749,C,01/01/2015 02:00,282
121749,C,01/01/2015 03:00,184
121749,C,01/01/2015 04:00,182
121749,C,01/01/2015 05:00,131
121749,C,01/01/2015 06:00,162
121749,C,01/01/2015 07:00,167
121749,C,01/01/2015 08:00,152
121749,C,01/01/2015 09:00,211
121749,C,01/01/2015 10:00,377
121749,C,01/01/2015 11:00,555
121749,C,01/01/2015 12:00,665
121749,C,01/01/2015 13:00,648
121749,C,01/01/2015 14:00,923
121749,C,01/01/2015 15:00,849
121749,C,01/01/2015 16:00,642
121749,C,01/01/2015 17:00,555
121749,C,01/01/2015 18:00,534
121749,C,01/01/2015 19:00,502
121749,C,01/01/2015 20:00,531
121749,C,01/01/2015 21:00,471
121749,C,01/01/2015 22:00,338
121749,C,01/01/2015 23:00,182
121749,D,01/01/2015 00:00,0
121749,D,01/01/2015 01:00,0
121749,D,01/01/2015 02:00,0
121749,D,01/01/2015 03:00,0
121749,D,01/01/2015 04:00,0
121749,D,01/01/2015 05:00,0
121749,D,01/01/2015 06:00,0
121749,D,01/01/2015 07:00,0
121749,D,01/01/2015 08:00,0
121749,D,01/01/2015 09:00,0
121749,D,01/01/2015 10:00,0
121749,D,01/01/2015 11:00,0
121749,D,01/01/2015 12:00,0
121749,D,01/01/2015 13:00,0
121749,D,01/01/2015 14:00,0
121749,D,01/01/2015 15:00,0
121749,D,01/01/2015 16:00,0
121749,D,01/01/2015 17:00,0
121749,D,01/01/2015 18:00,0
121749,D,01/01/2015 19:00,0
121749,D,01/01/2015 20:00,0
121749,D,01/01/2015 21:00,0
121749,D,01/01/2015 22:00,0
121749,D,01/01/2015 23:00,0
121750,C,01/01/2015 00:00,444
121750,C,01/01/2015 01:00,693
121750,C,01/01/2015 02:00,522
121750,C,01/01/2015 03:00,357
121750,C,01/01/2015 04:00,342
121750,C,01/01/2015 05:00,246
121750,C,01/01/2015 06:00,193
121750,C,01/01/2015 07:00,169
121750,C,01/01/2015 08:00,162
121750,C,01/01/2015 09:00,111
121750,C,01/01/2015 10:00,199
121750,C,01/01/2015 11:00,357
121750,C,01/01/2015 12:00,669
121750,C,01/01/2015 13:00,629
121750,C,01/01/2015 14:00,377
121750,C,01/01/2015 15:00,434
121750,C,01/01/2015 16:00,735
121750,C,01/01/2015 17:00,976
121750,C,01/01/2015 18:00,709
121750,C,01/01/2015 19:00,556
121750,C,01/01/2015 20:00,475
121750,C,01/01/2015 21:00,456
121750,C,01/01/2015 22:00,380
121750,C,01/01/2015 23:00,280
121750,D,01/01/2015 00:00,477
121750,D,01/01/2015 01:00,538
121750,D,01/01/2015 02:00,322
121750,D,01/01/2015 03:00,229
121750,D,01/01/2015 04:00,167
121750,D,01/01/2015 05:00,170
121750,D,01/01/2015 06:00,131
121750,D,01/01/2015 07:00,185
121750,D,01/01/2015 08:00,119
121750,D,01/01/2015 09:00,149
121750,D,01/01/2015 10:00,243
121750,D,01/01/2015 11:00,406
121750,D,01/01/2015 12:00,579
121750,D,01/01/2015 13:00,536
121750,D,01/01/2015 14:00,670
121750,D,01/01/2015 15:00,854
121750,D,01/01/2015 16:00,690
121750,D,01/01/2015 17:00,545
121750,D,01/01/2015 18:00,521
121750,D,01/01/2015 19:00,487
121750,D,01/01/2015 20:00,489
121750,D,01/01/2015 21:00,473
121750,D,01/01/2015 22:00,370
121750,D,01/01/2015 23:00,241
121751,C,01/01/2015 00:00,350
121751,C,01/01/2015 01:00,518
121751,C,01/01/2015 02:00,369
121751,C,01/01/2015 03:00,244
121751,C,01/01/2015 04:00,243
121751,C,01/01/2015 05:00,193
121751,C,01/01/2015 06:00,119
121751,C,01/01/2015 07:00,118
121751,C,01/01/2015 08:00,118
121751,C,01/01/2015 09:00,94
121751,C,01/01/2015 10:00,175
121751,C,01/01/2015 11:00,305
121751,C,01/01/2015 12:00,528
121751,C,01/01/2015 13:00,488
121751,C,01/01/2015 14:00,292
121751,C,01/01/2015 15:00,336
121751,C,01/01/2015 16:00,573
121751,C,01/01/2015 17:00,781
121751,C,01/01/2015 18:00,533
121751,C,01/01/2015 19:00,441
121751,C,01/01/2015 20:00,377
121751,C,01/01/2015 21:00,347
121751,C,01/01/2015 22:00,283
121751,C,01/01/2015 23:00,217
121751,D,01/01/2015 00:00,384
121751,D,01/01/2015 01:00,423
121751,D,01/01/2015 02:00,262
121751,D,01/01/2015 03:00,173
121751,D,01/01/2015 04:00,148
121751,D,01/01/2015 05:00,131
121751,D,01/01/2015 06:00,98
121751,D,01/01/2015 07:00,142
121751,D,01/01/2015 08:00,93
121751,D,01/01/2015 09:00,125
121751,D,01/01/2015 10:00,194
121751,D,01/01/2015 11:00,312
121751,D,01/01/2015 12:00,444
121751,D,01/01/2015 13:00,429
121751,D,01/01/2015 14:00,522
121751,D,01/01/2015 15:00,696
121751,D,01/01/2015 16:00,550
121751,D,01/01/2015 17:00,444
121751,D,01/01/2015 18:00,441
121751,D,01/01/2015 19:00,365
121751,D,01/01/2015 20:00,422
121751,D,01/01/2015 21:00,384
121751,D,01/01/2015 22:00,306
121751,D,01/01/2015 23:00,196
121752,C,01/01/2015 00:00,248
121752,C,01/01/2015 01:00,369
121752,C,01/01/2015 02:00,247
121752,C,01/01/2015 03:00,188
121752,C,01/01/2015 04:00,161
121752,C,01/01/2015 05:00,127
121752,C,01/01/2015 06:00,90
121752,C,01/01/2015 07:00,68
121752,C,01/01/2015 08:00,92
121752,C,01/01/2015 09:00,70
121752,C,01/01/2015 10:00,131
121752,C,01/01/2015 11:00,244
121752,C,01/01/2015 12:00,439
121752,C,01/01/2015 13:00,344
121752,C,01/01/2015 14:00,215
121752,C,01/01/2015 15:00,265
121752,C,01/01/2015 16:00,402
121752,C,01/01/2015 17:00,582
121752,C,01/01/2015 18:00,362
121752,C,01/01/2015 19:00,304
121752,C,01/01/2015 20:00,295
121752,C,01/01/2015 21:00,254
121752,C,01/01/2015 22:00,205
121752,C,01/01/2015 23:00,147
121752,D,01/01/2015 00:00,292
121752,D,01/01/2015 01:00,310
121752,D,01/01/2015 02:00,188
121752,D,01/01/2015 03:00,135
121752,D,01/01/2015 04:00,103
121752,D,01/01/2015 05:00,84
121752,D,01/01/2015 06:00,74
121752,D,01/01/2015 07:00,111
121752,D,01/01/2015 08:00,65
121752,D,01/01/2015 09:00,87
121752,D,01/01/2015 10:00,170
121752,D,01/01/2015 11:00,238
121752,D,01/01/2015 12:00,359
121752,D,01/01/2015 13:00,343
121752,D,01/01/2015 14:00,413
121752,D,01/01/2015 15:00,536
121752,D,01/01/2015 16:00,421
121752,D,01/01/2015 17:00,378
121752,D,01/01/2015 18:00,346
121752,D,01/01/2015 19:00,273
121752,D,01/01/2015 20:00,335
121752,D,01/01/2015 21:00,324
121752,D,01/01/2015 22:00,223
121752,D,01/01/2015 23:00,155
121754,C,01/01/2015 00:00,529
121754,C,01/01/2015 01:00,784
121754,C,01/01/2015 02:00,540
121754,C,01/01/2015 03:00,442
121754,C,01/01/2015 04:00,351
121754,C,01/01/2015 05:00,230
121754,C,01/01/2015 06:00,173
121754,C,01/01/2015 07:00,167
121754,C,01/01/2015 08:00,162
121754,C,01/01/2015 09:00,157
121754,C,01/01/2015 10:00,255
121754,C,01/01/2015 11:00,487
121754,C,01/01/2015 12:00,907
121754,C,01/01/2015 13:00,918
121754,C,01/01/2015 14:00,647
121754,C,01/01/2015 15:00,752
121754,C,01/01/2015 16:00,980
121754,C,01/01/2015 17:00,1065
121754,C,01/01/2015 18:00,890
121754,C,01/01/2015 19:00,743
121754,C,01/01/2015 20:00,656
121754,C,01/01/2015 21:00,629
121754,C,01/01/2015 22:00,574
121754,C,01/01/2015 23:00,371
121754,D,01/01/2015 00:00,740
121754,D,01/01/2015 01:00,1244
121754,D,01/01/2015 02:00,861
121754,D,01/01/2015 03:00,585
121754,D,01/01/2015 04:00,451
121754,D,01/01/2015 05:00,371
121754,D,01/01/2015 06:00,270
121754,D,01/01/2015 07:00,195
121754,D,01/01/2015 08:00,196
121754,D,01/01/2015 09:00,183
121754,D,01/01/2015 10:00,318
121754,D,01/01/2015 11:00,612
121754,D,01/01/2015 12:00,986
121754,D,01/01/2015 13:00,1050
121754,D,01/01/2015 14:00,791
121754,D,01/01/2015 15:00,1061
121754,D,01/01/2015 16:00,1244
121754,D,01/01/2015 17:00,1224
121754,D,01/01/2015 18:00,972
121754,D,01/01/2015 19:00,777
121754,D,01/01/2015 20:00,829
121754,D,01/01/2015 21:00,816
121754,D,01/01/2015 22:00,655
121754,D,01/01/2015 23:00,430
121755,C,01/01/2015 00:00,447
121755,C,01/01/2015 01:00,713
121755,C,01/01/2015 02:00,502
121755,C,01/01/2015 03:00,365
121755,C,01/01/2015 04:00,317
121755,C,01/01/2015 05:00,221
121755,C,01/01/2015 06:00,172
121755,C,01/01/2015 07:00,147
121755,C,01/01/2015 08:00,146
121755,C,01/01/2015 09:00,152
121755,C,01/01/2015 10:00,241
121755,C,01/01/2015 11:00,505
121755,C,01/01/2015 12:00,884
121755,C,01/01/2015 13:00,894
121755,C,01/01/2015 14:00,670
121755,C,01/01/2015 15:00,722
121755,C,01/01/2015 16:00,853
121755,C,01/01/2015 17:00,976
121755,C,01/01/2015 18:00,833
121755,C,01/01/2015 19:00,695
121755,C,01/01/2015 20:00,588
121755,C,01/01/2015 21:00,577
121755,C,01/01/2015 22:00,518
121755,C,01/01/2015 23:00,354
121755,D,01/01/2015 00:00,535
121755,D,01/01/2015 01:00,856
121755,D,01/01/2015 02:00,593
121755,D,01/01/2015 03:00,379
121755,D,01/01/2015 04:00,305
121755,D,01/01/2015 05:00,224
121755,D,01/01/2015 06:00,182
121755,D,01/01/2015 07:00,145
121755,D,01/01/2015 08:00,139
121755,D,01/01/2015 09:00,126
121755,D,01/01/2015 10:00,224
121755,D,01/01/2015 11:00,452
121755,D,01/01/2015 12:00,738
121755,D,01/01/2015 13:00,838
121755,D,01/01/2015 14:00,618
121755,D,01/01/2015 15:00,841
121755,D,01/01/2015 16:00,1049
121755,D,01/01/2015 17:00,1041
121755,D,01/01/2015 18:00,836
121755,D,01/01/2015 19:00,661
121755,D,01/01/2015 20:00,654
121755,D,01/01/2015 21:00,654
121755,D,01/01/2015 22:00,545
121755,D,01/01/2015 23:00,387
121756,C,01/01/2015 00:00,503
121756,C,01/01/2015 01:00,791
121756,C,01/01/2015 02:00,535
121756,C,01/01/2015 03:00,378
121756,C,01/01/2015 04:00,316
121756,C,01/01/2015 05:00,231
121756,C,01/01/2015 06:00,182
121756,C,01/01/2015 07:00,163
121756,C,01/01/2015 08:00,139
121756,C,01/01/2015 09:00,176
121756,C,01/01/2015 10:00,280
121756,C,01/01/2015 11:00,526
121756,C,01/01/2015 12:00,929
121756,C,01/01/2015 13:00,940
121756,C,01/01/2015 14:00,746
121756,C,01/01/2015 15:00,804
121756,C,01/01/2015 16:00,830
121756,C,01/01/2015 17:00,907
121756,C,01/01/2015 18:00,789
121756,C,01/01/2015 19:00,669
121756,C,01/01/2015 20:00,598
121756,C,01/01/2015 21:00,566
121756,C,01/01/2015 22:00,502
121756,C,01/01/2015 23:00,346
121756,D,01/01/2015 00:00,544
121756,D,01/01/2015 01:00,919
121756,D,01/01/2015 02:00,679
121756,D,01/01/2015 03:00,422
121756,D,01/01/2015 04:00,336
121756,D,01/01/2015 05:00,246
121756,D,01/01/2015 06:00,196
121756,D,01/01/2015 07:00,183
121756,D,01/01/2015 08:00,154
121756,D,01/01/2015 09:00,154
121756,D,01/01/2015 10:00,242
121756,D,01/01/2015 11:00,438
121756,D,01/01/2015 12:00,790
121756,D,01/01/2015 13:00,899
121756,D,01/01/2015 14:00,624
121756,D,01/01/2015 15:00,850
121756,D,01/01/2015 16:00,1099
121756,D,01/01/2015 17:00,1234
121756,D,01/01/2015 18:00,985
121756,D,01/01/2015 19:00,741
121756,D,01/01/2015 20:00,738
121756,D,01/01/2015 21:00,755
121756,D,01/01/2015 22:00,612
121756,D,01/01/2015 23:00,435
124680,C,01/01/2015 00:00,166
124680,C,01/01/2015 01:00,251
124680,C,01/01/2015 02:00,207
124680,C,01/01/2015 03:00,130
124680,C,01/01/2015 04:00,93
124680,C,01/01/2015 05:00,46
124680,C,01/01/2015 06:00,35
124680,C,01/01/2015 07:00,37
124680,C,01/01/2015 08:00,53
124680,C,01/01/2015 09:00,82
124680,C,01/01/2015 10:00,145
124680,C,01/01/2015 11:00,208
124680,C,01/01/2015 12:00,291
124680,C,01/01/2015 13:00,288
124680,C,01/01/2015 14:00,312
124680,C,01/01/2015 15:00,433
124680,C,01/01/2015 16:00,582
124680,C,01/01/2015 17:00,745
124680,C,01/01/2015 18:00,694
124680,C,01/01/2015 19:00,394
124680,C,01/01/2015 20:00,223
124680,C,01/01/2015 21:00,190
124680,C,01/01/2015 22:00,143
124680,C,01/01/2015 23:00,86
124680,D,01/01/2015 00:00,53
124680,D,01/01/2015 01:00,86
124680,D,01/01/2015 02:00,56
124680,D,01/01/2015 03:00,45
124680,D,01/01/2015 04:00,41
124680,D,01/01/2015 05:00,33
124680,D,01/01/2015 06:00,33
124680,D,01/01/2015 07:00,35
124680,D,01/01/2015 08:00,34
124680,D,01/01/2015 09:00,47
124680,D,01/01/2015 10:00,78
124680,D,01/01/2015 11:00,261
124680,D,01/01/2015 12:00,357
124680,D,01/01/2015 13:00,299
124680,D,01/01/2015 14:00,416
124680,D,01/01/2015 15:00,564
124680,D,01/01/2015 16:00,534
124680,D,01/01/2015 17:00,442
124680,D,01/01/2015 18:00,351
124680,D,01/01/2015 19:00,246
124680,D,01/01/2015 20:00,181
124680,D,01/01/2015 21:00,177
124680,D,01/01/2015 22:00,148
124680,D,01/01/2015 23:00,83
