,EQUIPMENTID,LANE_BUNDLE_DIRECTION,AGG_PERIOD_START,TOTAL_VOLUME
0,177,C,01/01/2015 00:00,650
1,177,C,01/01/2015 01:00,1027
2,177,C,01/01/2015 02:00,733
3,177,C,01/01/2015 03:00,528
4,177,C,01/01/2015 04:00,419
5,177,C,01/01/2015 05:00,288
6,177,C,01/01/2015 06:00,232
7,177,C,01/01/2015 07:00,295
8,177,C,01/01/2015 08:00,222
9,177,C,01/01/2015 09:00,220
10,177,C,01/01/2015 10:00,368
11,177,C,01/01/2015 11:00,597
12,177,C,01/01/2015 12:00,1011
13,177,C,01/01/2015 13:00,1101
14,177,C,01/01/2015 14:00,1003
15,177,C,01/01/2015 15:00,1340
16,177,C,01/01/2015 16:00,1341
17,177,C,01/01/2015 17:00,1317
18,177,C,01/01/2015 18:00,1209
19,177,C,01/01/2015 19:00,1054
20,177,C,01/01/2015 20:00,989
21,177,C,01/01/2015 21:00,944
22,177,C,01/01/2015 22:00,748
23,177,C,01/01/2015 23:00,519
24,177,D,01/01/2015 00:00,596
25,177,D,01/01/2015 01:00,972
26,177,D,01/01/2015 02:00,729
27,177,D,01/01/2015 03:00,568
28,177,D,01/01/2015 04:00,439
29,177,D,01/01/2015 05:00,385
30,177,D,01/01/2015 06:00,286
31,177,D,01/01/2015 07:00,302
32,177,D,01/01/2015 08:00,287
33,177,D,01/01/2015 09:00,323
34,177,D,01/01/2015 10:00,456
35,177,D,01/01/2015 11:00,801
36,177,D,01/01/2015 12:00,1346
37,177,D,01/01/2015 13:00,1164
38,177,D,01/01/2015 14:00,896
39,177,D,01/01/2015 15:00,1068
40,177,D,01/01/2015 16:00,1408
41,177,D,01/01/2015 17:00,1490
42,177,D,01/01/2015 18:00,1468
43,177,D,01/01/2015 19:00,1127
44,177,D,01/01/2015 20:00,826
45,177,D,01/01/2015 21:00,821
46,177,D,01/01/2015 22:00,714
47,177,D,01/01/2015 23:00,539
48,179,C,01/01/2015 00:00,1043
49,179,C,01/01/2015 01:00,1835
50,179,C,01/01/2015 02:00,1224
51,179,C,01/01/2015 03:00,923
52,179,C,01/01/2015 04:00,756
53,179,C,01/01/2015 05:00,511
54,179,C,01/01/2015 06:00,404
55,179,C,01/01/2015 07:00,523
56,179,C,01/01/2015 08:00,373
57,179,C,01/01/2015 09:00,403
58,179,C,01/01/2015 10:00,620
59,179,C,01/01/2015 11:00,1026
60,179,C,01/01/2015 12:00,1731
61,179,C,01/01/2015 13:00,2037
62,179,C,01/01/2015 14:00,1537
63,179,C,01/01/2015 15:00,2030
64,179,C,01/01/2015 16:00,2359
65,179,C,01/01/2015 17:00,2418
66,179,C,01/01/2015 18:00,2171
67,179,C,01/01/2015 19:00,1805
68,179,C,01/01/2015 20:00,1579
69,179,C,01/01/2015 21:00,1541
70,179,C,01/01/2015 22:00,1219
71,179,C,01/01/2015 23:00,860
72,179,D,01/01/2015 00:00,1098
73,179,D,01/01/2015 01:00,1888
74,179,D,01/01/2015 02:00,1465
75,179,D,01/01/2015 03:00,1080
76,179,D,01/01/2015 04:00,846
77,179,D,01/01/2015 05:00,676
78,179,D,01/01/2015 06:00,541
79,179,D,01/01/2015 07:00,486
80,179,D,01/01/2015 08:00,474
81,179,D,01/01/2015 09:00,477
82,179,D,01/01/2015 10:00,637
83,179,D,01/01/2015 11:00,1168
84,179,D,01/01/2015 12:00,1923
85,179,D,01/01/2015 13:00,1888
86,179,D,01/01/2015 14:00,1496
87,179,D,01/01/2015 15:00,1827
88,179,D,01/01/2015 16:00,2319
89,179,D,01/01/2015 17:00,2338
90,179,D,01/01/2015 18:00,2279
91,179,D,01/01/2015 19:00,1876
92,179,D,01/01/2015 20:00,1547
93,179,D,01/01/2015 21:00,1397
94,179,D,01/01/2015 22:00,1252
95,179,D,01/01/2015 23:00,960
96,165,C,01/01/2015 00:00,221
97,165,C,01/01/2015 01:00,314
98,165,C,01/01/2015 02:00,246
99,165,C,01/01/2015 03:00,193
100,165,C,01/01/2015 04:00,146
101,165,C,01/01/2015 05:00,114
102,165,C,01/01/2015 06:00,80
103,165,C,01/01/2015 07:00,138
104,165,C,01/01/2015 08:00,113
105,165,C,01/01/2015 09:00,110
106,165,C,01/01/2015 10:00,205
107,165,C,01/01/2015 11:00,335
108,165,C,01/01/2015 12:00,564
109,165,C,01/01/2015 13:00,576
110,165,C,01/01/2015 14:00,737
111,165,C,01/01/2015 15:00,766
112,165,C,01/01/2015 16:00,869
113,165,C,01/01/2015 17:00,845
114,165,C,01/01/2015 18:00,812
115,165,C,01/01/2015 19:00,667
116,165,C,01/01/2015 20:00,530
117,165,C,01/01/2015 21:00,491
118,165,C,01/01/2015 22:00,419
119,165,C,01/01/2015 23:00,249
120,165,D,01/01/2015 00:00,176
121,165,D,01/01/2015 01:00,423
122,165,D,01/01/2015 02:00,288
123,165,D,01/01/2015 03:00,187
124,165,D,01/01/2015 04:00,119
125,165,D,01/01/2015 05:00,132
126,165,D,01/01/2015 06:00,102
127,165,D,01/01/2015 07:00,106
128,165,D,01/01/2015 08:00,143
129,165,D,01/01/2015 09:00,168
130,165,D,01/01/2015 10:00,296
131,165,D,01/01/2015 11:00,532
132,165,D,01/01/2015 12:00,692
133,165,D,01/01/2015 13:00,568
134,165,D,01/01/2015 14:00,472
135,165,D,01/01/2015 15:00,679
136,165,D,01/01/2015 16:00,897
137,165,D,01/01/2015 17:00,1184
138,165,D,01/01/2015 18:00,778
139,165,D,01/01/2015 19:00,574
140,165,D,01/01/2015 20:00,419
141,165,D,01/01/2015 21:00,352
142,165,D,01/01/2015 22:00,257
143,165,D,01/01/2015 23:00,194
144,165,C,01/01/2015 00:00,276
145,165,C,01/01/2015 01:00,428
146,165,C,01/01/2015 02:00,327
147,165,C,01/01/2015 03:00,233
148,165,C,01/01/2015 04:00,178
149,165,C,01/01/2015 05:00,155
150,165,C,01/01/2015 06:00,107
151,165,C,01/01/2015 07:00,184
152,165,C,01/01/2015 08:00,138
153,165,C,01/01/2015 09:00,132
154,165,C,01/01/2015 10:00,247
155,165,C,01/01/2015 11:00,402
156,165,C,01/01/2015 12:00,632
157,165,C,01/01/2015 13:00,679
158,165,C,01/01/2015 14:00,926
159,165,C,01/01/2015 15:00,970
160,165,C,01/01/2015 16:00,1043
161,165,C,01/01/2015 17:00,1052
162,165,C,01/01/2015 18:00,1007
163,165,C,01/01/2015 19:00,804
164,165,C,01/01/2015 20:00,656
165,165,C,01/01/2015 21:00,608
166,165,C,01/01/2015 22:00,508
167,165,C,01/01/2015 23:00,307
168,165,D,01/01/2015 00:00,215
169,165,D,01/01/2015 01:00,528
170,165,D,01/01/2015 02:00,357
171,165,D,01/01/2015 03:00,248
172,165,D,01/01/2015 04:00,166
173,165,D,01/01/2015 05:00,174
174,165,D,01/01/2015 06:00,133
175,165,D,01/01/2015 07:00,135
176,165,D,01/01/2015 08:00,171
177,165,D,01/01/2015 09:00,193
178,165,D,01/01/2015 10:00,334
179,165,D,01/01/2015 11:00,617
180,165,D,01/01/2015 12:00,853
181,165,D,01/01/2015 13:00,696
182,165,D,01/01/2015 14:00,570
183,165,D,01/01/2015 15:00,759
184,165,D,01/01/2015 16:00,1020
185,165,D,01/01/2015 17:00,1382
186,165,D,01/01/2015 18:00,921
187,165,D,01/01/2015 19:00,679
188,165,D,01/01/2015 20:00,454
189,165,D,01/01/2015 21:00,410
190,165,D,01/01/2015 22:00,301
191,165,D,01/01/2015 23:00,225
192,169,C,01/01/2015 00:00,1231
193,169,C,01/01/2015 01:00,1693
194,169,C,01/01/2015 02:00,1332
195,169,C,01/01/2015 03:00,881
196,169,C,01/01/2015 04:00,707
197,169,C,01/01/2015 05:00,557
198,169,C,01/01/2015 06:00,396
199,169,C,01/01/2015 07:00,506
200,169,C,01/01/2015 08:00,348
201,169,C,01/01/2015 09:00,398
202,169,C,01/01/2015 10:00,643
203,169,C,01/01/2015 11:00,1182
204,169,C,01/01/2015 12:00,1775
205,169,C,01/01/2015 13:00,1785
206,169,C,01/01/2015 14:00,1866
207,169,C,01/01/2015 15:00,2181
208,169,C,01/01/2015 16:00,2350
209,169,C,01/01/2015 17:00,2471
210,169,C,01/01/2015 18:00,2208
211,169,C,01/01/2015 19:00,1816
212,169,C,01/01/2015 20:00,1548
213,169,C,01/01/2015 21:00,1471
214,169,C,01/01/2015 22:00,1266
215,169,C,01/01/2015 23:00,855
216,169,D,01/01/2015 00:00,1014
217,169,D,01/01/2015 01:00,1597
218,169,D,01/01/2015 02:00,1205
219,169,D,01/01/2015 03:00,885
220,169,D,01/01/2015 04:00,682
221,169,D,01/01/2015 05:00,558
222,169,D,01/01/2015 06:00,452
223,169,D,01/01/2015 07:00,431
224,169,D,01/01/2015 08:00,432
225,169,D,01/01/2015 09:00,405
226,169,D,01/01/2015 10:00,690
227,169,D,01/01/2015 11:00,1177
228,169,D,01/01/2015 12:00,1881
229,169,D,01/01/2015 13:00,1900
230,169,D,01/01/2015 14:00,1507
231,169,D,01/01/2015 15:00,1911
232,169,D,01/01/2015 16:00,2570
233,169,D,01/01/2015 17:00,2930
234,169,D,01/01/2015 18:00,2305
235,169,D,01/01/2015 19:00,1778
236,169,D,01/01/2015 20:00,1408
237,169,D,01/01/2015 21:00,1314
238,169,D,01/01/2015 22:00,1103
239,169,D,01/01/2015 23:00,810
240,170,C,01/01/2015 00:00,1334
241,170,C,01/01/2015 01:00,1764
242,170,C,01/01/2015 02:00,1387
243,170,C,01/01/2015 03:00,898
244,170,C,01/01/2015 04:00,706
245,170,C,01/01/2015 05:00,594
246,170,C,01/01/2015 06:00,410
247,170,C,01/01/2015 07:00,594
248,170,C,01/01/2015 08:00,403
249,170,C,01/01/2015 09:00,454
250,170,C,01/01/2015 10:00,730
251,170,C,01/01/2015 11:00,1318
252,170,C,01/01/2015 12:00,1952
253,170,C,01/01/2015 13:00,1911
254,170,C,01/01/2015 14:00,1525
255,170,C,01/01/2015 15:00,2063
256,170,C,01/01/2015 16:00,2523
257,170,C,01/01/2015 17:00,3068
258,170,C,01/01/2015 18:00,2308
259,170,C,01/01/2015 19:00,1932
260,170,C,01/01/2015 20:00,1618
261,170,C,01/01/2015 21:00,1599
262,170,C,01/01/2015 22:00,1350
263,170,C,01/01/2015 23:00,948
264,170,D,01/01/2015 00:00,1026
265,170,D,01/01/2015 01:00,1622
266,170,D,01/01/2015 02:00,1254
267,170,D,01/01/2015 03:00,932
268,170,D,01/01/2015 04:00,752
269,170,D,01/01/2015 05:00,598
270,170,D,01/01/2015 06:00,470
271,170,D,01/01/2015 07:00,461
272,170,D,01/01/2015 08:00,456
273,170,D,01/01/2015 09:00,428
274,170,D,01/01/2015 10:00,690
275,170,D,01/01/2015 11:00,1170
276,170,D,01/01/2015 12:00,1892
277,170,D,01/01/2015 13:00,2044
278,170,D,01/01/2015 14:00,2208
279,170,D,01/01/2015 15:00,2611
280,170,D,01/01/2015 16:00,2538
281,170,D,01/01/2015 17:00,2533
282,170,D,01/01/2015 18:00,2386
283,170,D,01/01/2015 19:00,1906
284,170,D,01/01/2015 20:00,1475
285,170,D,01/01/2015 21:00,1378
286,170,D,01/01/2015 22:00,1223
287,170,D,01/01/2015 23:00,853
288,171,C,01/01/2015 00:00,1608
289,171,C,01/01/2015 01:00,2296
290,171,C,01/01/2015 02:00,1727
291,171,C,01/01/2015 03:00,1065
292,171,C,01/01/2015 04:00,851
293,171,C,01/01/2015 05:00,703
294,171,C,01/01/2015 06:00,514
295,171,C,01/01/2015 07:00,679
296,171,C,01/01/2015 08:00,474
297,171,C,01/01/2015 09:00,525
298,171,C,01/01/2015 10:00,864
299,171,C,01/01/2015 11:00,1501
300,171,C,01/01/2015 12:00,2364
301,171,C,01/01/2015 13:00,2216
302,171,C,01/01/2015 14:00,1781
303,171,C,01/01/2015 15:00,2334
304,171,C,01/01/2015 16:00,3009
305,171,C,01/01/2015 17:00,3896
306,171,C,01/01/2015 18:00,2627
307,171,C,01/01/2015 19:00,2177
308,171,C,01/01/2015 20:00,1784
309,171,C,01/01/2015 21:00,1764
310,171,C,01/01/2015 22:00,1546
311,171,C,01/01/2015 23:00,1109
312,171,D,01/01/2015 00:00,1424
313,171,D,01/01/2015 01:00,2167
314,171,D,01/01/2015 02:00,1673
315,171,D,01/01/2015 03:00,1211
316,171,D,01/01/2015 04:00,941
317,171,D,01/01/2015 05:00,709
318,171,D,01/01/2015 06:00,600
319,171,D,01/01/2015 07:00,619
320,171,D,01/01/2015 08:00,544
321,171,D,01/01/2015 09:00,515
322,171,D,01/01/2015 10:00,783
323,171,D,01/01/2015 11:00,1439
324,171,D,01/01/2015 12:00,2311
325,171,D,01/01/2015 13:00,2607
326,171,D,01/01/2015 14:00,2924
327,171,D,01/01/2015 15:00,3217
328,171,D,01/01/2015 16:00,2984
329,171,D,01/01/2015 17:00,2905
330,171,D,01/01/2015 18:00,2925
331,171,D,01/01/2015 19:00,2378
332,171,D,01/01/2015 20:00,1877
333,171,D,01/01/2015 21:00,1686
334,171,D,01/01/2015 22:00,1557
335,171,D,01/01/2015 23:00,1117
336,172,C,01/01/2015 00:00,1555
337,172,C,01/01/2015 01:00,2437
338,172,C,01/01/2015 02:00,1722
339,172,C,01/01/2015 03:00,981
340,172,C,01/01/2015 04:00,772
341,172,C,01/01/2015 05:00,662
342,172,C,01/01/2015 06:00,533
343,172,C,01/01/2015 07:00,758
344,172,C,01/01/2015 08:00,471
345,172,C,01/01/2015 09:00,559
346,172,C,01/01/2015 10:00,758
347,172,C,01/01/2015 11:00,1363
348,172,C,01/01/2015 12:00,2262
349,172,C,01/01/2015 13:00,2382
350,172,C,01/01/2015 14:00,2005
351,172,C,01/01/2015 15:00,2890
352,172,C,01/01/2015 16:00,3097
353,172,C,01/01/2015 17:00,3241
354,172,C,01/01/2015 18:00,2649
355,172,C,01/01/2015 19:00,2388
356,172,C,01/01/2015 20:00,1938
357,172,C,01/01/2015 21:00,2029
358,172,C,01/01/2015 22:00,1733
359,172,C,01/01/2015 23:00,1242
360,172,D,01/01/2015 00:00,1899
361,172,D,01/01/2015 01:00,2918
362,172,D,01/01/2015 02:00,2250
363,172,D,01/01/2015 03:00,1696
364,172,D,01/01/2015 04:00,1324
365,172,D,01/01/2015 05:00,974
366,172,D,01/01/2015 06:00,757
367,172,D,01/01/2015 07:00,661
368,172,D,01/01/2015 08:00,643
369,172,D,01/01/2015 09:00,611
370,172,D,01/01/2015 10:00,903
371,172,D,01/01/2015 11:00,1624
372,172,D,01/01/2015 12:00,2756
373,172,D,01/01/2015 13:00,2686
374,172,D,01/01/2015 14:00,2270
375,172,D,01/01/2015 15:00,2393
376,172,D,01/01/2015 16:00,2944
377,172,D,01/01/2015 17:00,3321
378,172,D,01/01/2015 18:00,3098
379,172,D,01/01/2015 19:00,2493
380,172,D,01/01/2015 20:00,1980
381,172,D,01/01/2015 21:00,1753
382,172,D,01/01/2015 22:00,1529
383,172,D,01/01/2015 23:00,1187
384,173,C,01/01/2015 00:00,1793
385,173,C,01/01/2015 01:00,2819
386,173,C,01/01/2015 02:00,2108
387,173,C,01/01/2015 03:00,1291
388,173,C,01/01/2015 04:00,1066
389,173,C,01/01/2015 05:00,910
390,173,C,01/01/2015 06:00,716
391,173,C,01/01/2015 07:00,808
392,173,C,01/01/2015 08:00,591
393,173,C,01/01/2015 09:00,576
394,173,C,01/01/2015 10:00,792
395,173,C,01/01/2015 11:00,1430
396,173,C,01/01/2015 12:00,2434
397,173,C,01/01/2015 13:00,2531
398,173,C,01/01/2015 14:00,2103
399,173,C,01/01/2015 15:00,2857
400,173,C,01/01/2015 16:00,3222
401,173,C,01/01/2015 17:00,3378
402,173,C,01/01/2015 18:00,2834
403,173,C,01/01/2015 19:00,2495
404,173,C,01/01/2015 20:00,2100
405,173,C,01/01/2015 21:00,2056
406,173,C,01/01/2015 22:00,1774
407,173,C,01/01/2015 23:00,1276
408,173,D,01/01/2015 00:00,1579
409,173,D,01/01/2015 01:00,2347
410,173,D,01/01/2015 02:00,1817
411,173,D,01/01/2015 03:00,1364
412,173,D,01/01/2015 04:00,1100
413,173,D,01/01/2015 05:00,795
414,173,D,01/01/2015 06:00,650
415,173,D,01/01/2015 07:00,606
416,173,D,01/01/2015 08:00,525
417,173,D,01/01/2015 09:00,564
418,173,D,01/01/2015 10:00,845
419,173,D,01/01/2015 11:00,1517
420,173,D,01/01/2015 12:00,2595
421,173,D,01/01/2015 13:00,2543
422,173,D,01/01/2015 14:00,2222
423,173,D,01/01/2015 15:00,2308
424,173,D,01/01/2015 16:00,2805
425,173,D,01/01/2015 17:00,3157
426,173,D,01/01/2015 18:00,2912
427,173,D,01/01/2015 19:00,2269
428,173,D,01/01/2015 20:00,1848
429,173,D,01/01/2015 21:00,1726
430,173,D,01/01/2015 22:00,1501
431,173,D,01/01/2015 23:00,1152
432,175,C,01/01/2015 00:00,456
433,175,C,01/01/2015 01:00,933
434,175,C,01/01/2015 02:00,536
435,175,C,01/01/2015 03:00,270
436,175,C,01/01/2015 04:00,186
437,175,C,01/01/2015 05:00,101
438,175,C,01/01/2015 06:00,60
439,175,C,01/01/2015 07:00,67
440,175,C,01/01/2015 08:00,54
441,175,C,01/01/2015 09:00,51
442,175,C,01/01/2015 10:00,89
443,175,C,01/01/2015 11:00,307
444,175,C,01/01/2015 12:00,817
445,175,C,01/01/2015 13:00,921
446,175,C,01/01/2015 14:00,667
447,175,C,01/01/2015 15:00,354
448,175,D,01/01/2015 00:00,1340
449,175,D,01/01/2015 01:00,2106
450,175,D,01/01/2015 02:00,1548
451,175,D,01/01/2015 03:00,1058
452,175,D,01/01/2015 04:00,862
453,175,D,01/01/2015 05:00,737
454,175,D,01/01/2015 06:00,550
455,175,D,01/01/2015 07:00,655
456,175,D,01/01/2015 08:00,543
457,175,D,01/01/2015 09:00,583
458,175,D,01/01/2015 10:00,803
459,175,D,01/01/2015 11:00,1369
460,175,D,01/01/2015 12:00,2059
461,175,D,01/01/2015 13:00,2178
462,175,D,01/01/2015 14:00,1911
463,175,D,01/01/2015 15:00,779
464,166,C,01/01/2015 00:00,371
465,166,C,01/01/2015 01:00,582
466,166,C,01/01/2015 02:00,459
467,166,C,01/01/2015 03:00,352
468,166,C,01/01/2015 04:00,295
469,166,C,01/01/2015 05:00,222
470,166,C,01/01/2015 06:00,144
471,166,C,01/01/2015 07:00,210
472,166,C,01/01/2015 08:00,190
473,166,C,01/01/2015 09:00,167
474,166,C,01/01/2015 10:00,354
475,166,C,01/01/2015 11:00,543
476,166,C,01/01/2015 12:00,885
477,166,C,01/01/2015 13:00,884
478,166,C,01/01/2015 14:00,1122
479,166,C,01/01/2015 15:00,1152
480,166,C,01/01/2015 16:00,1315
481,166,C,01/01/2015 17:00,1354
482,166,C,01/01/2015 18:00,1225
483,166,C,01/01/2015 19:00,997
484,166,C,01/01/2015 20:00,830
485,166,C,01/01/2015 21:00,716
486,166,C,01/01/2015 22:00,638
487,166,C,01/01/2015 23:00,388
488,166,D,01/01/2015 00:00,396
489,166,D,01/01/2015 01:00,807
490,166,D,01/01/2015 02:00,543
491,166,D,01/01/2015 03:00,343
492,166,D,01/01/2015 04:00,263
493,166,D,01/01/2015 05:00,237
494,166,D,01/01/2015 06:00,181
495,166,D,01/01/2015 07:00,218
496,166,D,01/01/2015 08:00,218
497,166,D,01/01/2015 09:00,245
498,166,D,01/01/2015 10:00,422
499,166,D,01/01/2015 11:00,760
500,166,D,01/01/2015 12:00,1099
501,166,D,01/01/2015 13:00,927
502,166,D,01/01/2015 14:00,770
503,166,D,01/01/2015 15:00,1115
504,166,D,01/01/2015 16:00,1393
505,166,D,01/01/2015 17:00,1769
506,166,D,01/01/2015 18:00,1189
507,166,D,01/01/2015 19:00,878
508,166,D,01/01/2015 20:00,684
509,166,D,01/01/2015 21:00,638
510,166,D,01/01/2015 22:00,500
511,166,D,01/01/2015 23:00,330
512,167,C,01/01/2015 00:00,415
513,167,C,01/01/2015 01:00,663
514,167,C,01/01/2015 02:00,498
515,167,C,01/01/2015 03:00,352
516,167,C,01/01/2015 04:00,291
517,167,C,01/01/2015 05:00,200
518,167,C,01/01/2015 06:00,149
519,167,C,01/01/2015 07:00,219
520,167,C,01/01/2015 08:00,196
521,167,C,01/01/2015 09:00,187
522,167,C,01/01/2015 10:00,358
523,167,C,01/01/2015 11:00,558
524,167,C,01/01/2015 12:00,846
525,167,C,01/01/2015 13:00,934
526,167,C,01/01/2015 14:00,1211
527,167,C,01/01/2015 15:00,1263
528,167,C,01/01/2015 16:00,1312
529,167,C,01/01/2015 17:00,1310
530,167,C,01/01/2015 18:00,1249
531,167,C,01/01/2015 19:00,994
532,167,C,01/01/2015 20:00,837
533,167,C,01/01/2015 21:00,784
534,167,C,01/01/2015 22:00,669
535,167,C,01/01/2015 23:00,421
536,167,D,01/01/2015 00:00,416
537,167,D,01/01/2015 01:00,818
538,167,D,01/01/2015 02:00,567
539,167,D,01/01/2015 03:00,388
540,167,D,01/01/2015 04:00,285
541,167,D,01/01/2015 05:00,282
542,167,D,01/01/2015 06:00,222
543,167,D,01/01/2015 07:00,228
544,167,D,01/01/2015 08:00,240
545,167,D,01/01/2015 09:00,251
546,167,D,01/01/2015 10:00,417
547,167,D,01/01/2015 11:00,759
548,167,D,01/01/2015 12:00,1050
549,167,D,01/01/2015 13:00,1002
550,167,D,01/01/2015 14:00,743
551,167,D,01/01/2015 15:00,1009
552,167,D,01/01/2015 16:00,1411
553,167,D,01/01/2015 17:00,1920
554,167,D,01/01/2015 18:00,1257
555,167,D,01/01/2015 19:00,929
556,167,D,01/01/2015 20:00,669
557,167,D,01/01/2015 21:00,614
558,167,D,01/01/2015 22:00,508
559,167,D,01/01/2015 23:00,361
560,192,C,01/01/2015 00:00,1065
561,192,C,01/01/2015 01:00,1771
562,192,C,01/01/2015 02:00,1453
563,192,C,01/01/2015 03:00,1102
564,192,C,01/01/2015 04:00,974
565,192,C,01/01/2015 05:00,685
566,192,C,01/01/2015 06:00,523
567,192,C,01/01/2015 07:00,538
568,192,C,01/01/2015 08:00,386
569,192,C,01/01/2015 09:00,409
570,192,C,01/01/2015 10:00,573
571,192,C,01/01/2015 11:00,1000
572,192,C,01/01/2015 12:00,1805
573,192,C,01/01/2015 13:00,1904
574,192,C,01/01/2015 14:00,1374
575,192,C,01/01/2015 15:00,1550
576,192,C,01/01/2015 16:00,2037
577,192,C,01/01/2015 17:00,2179
578,192,C,01/01/2015 18:00,2119
579,192,C,01/01/2015 19:00,1685
580,192,C,01/01/2015 20:00,1361
581,192,C,01/01/2015 21:00,1380
582,192,C,01/01/2015 22:00,1123
583,192,C,01/01/2015 23:00,906
584,192,D,01/01/2015 00:00,1223
585,192,D,01/01/2015 01:00,1940
586,192,D,01/01/2015 02:00,1495
587,192,D,01/01/2015 03:00,1053
588,192,D,01/01/2015 04:00,792
589,192,D,01/01/2015 05:00,621
590,192,D,01/01/2015 06:00,541
591,192,D,01/01/2015 07:00,519
592,192,D,01/01/2015 08:00,478
593,192,D,01/01/2015 09:00,517
594,192,D,01/01/2015 10:00,692
595,192,D,01/01/2015 11:00,1283
596,192,D,01/01/2015 12:00,2101
597,192,D,01/01/2015 13:00,2144
598,192,D,01/01/2015 14:00,1704
599,192,D,01/01/2015 15:00,2204
600,192,D,01/01/2015 16:00,2715
601,192,D,01/01/2015 17:00,2569
602,192,D,01/01/2015 18:00,2427
603,192,D,01/01/2015 19:00,2027
604,192,D,01/01/2015 20:00,1768
605,192,D,01/01/2015 21:00,1653
606,192,D,01/01/2015 22:00,1417
607,192,D,01/01/2015 23:00,1053
608,193,C,01/01/2015 00:00,1490
609,193,C,01/01/2015 01:00,2343
610,193,C,01/01/2015 02:00,1959
611,193,C,01/01/2015 03:00,1465
612,193,C,01/01/2015 04:00,1273
613,193,C,01/01/2015 05:00,883
614,193,C,01/01/2015 06:00,720
615,193,C,01/01/2015 07:00,684
616,193,C,01/01/2015 08:00,500
617,193,C,01/01/2015 09:00,528
618,193,C,01/01/2015 10:00,821
619,193,C,01/01/2015 11:00,1389
620,193,C,01/01/2015 12:00,2466
621,193,C,01/01/2015 13:00,2556
622,193,C,01/01/2015 14:00,1883
623,193,C,01/01/2015 15:00,2138
624,193,C,01/01/2015 16:00,2858
625,193,C,01/01/2015 17:00,3198
626,193,C,01/01/2015 18:00,2912
627,193,C,01/01/2015 19:00,2242
628,193,C,01/01/2015 20:00,1845
629,193,C,01/01/2015 21:00,1812
630,193,C,01/01/2015 22:00,1503
631,193,C,01/01/2015 23:00,1180
632,193,D,01/01/2015 00:00,1436
633,193,D,01/01/2015 01:00,2317
634,193,D,01/01/2015 02:00,1715
635,193,D,01/01/2015 03:00,1163
636,193,D,01/01/2015 04:00,857
637,193,D,01/01/2015 05:00,685
638,193,D,01/01/2015 06:00,583
639,193,D,01/01/2015 07:00,593
640,193,D,01/01/2015 08:00,559
641,193,D,01/01/2015 09:00,629
642,193,D,01/01/2015 10:00,897
643,193,D,01/01/2015 11:00,1502
644,193,D,01/01/2015 12:00,2373
645,193,D,01/01/2015 13:00,2471
646,193,D,01/01/2015 14:00,2183
647,193,D,01/01/2015 15:00,2883
648,193,D,01/01/2015 16:00,3233
649,193,D,01/01/2015 17:00,2865
650,193,D,01/01/2015 18:00,2690
651,193,D,01/01/2015 19:00,2329
652,193,D,01/01/2015 20:00,2025
653,193,D,01/01/2015 21:00,1919
654,193,D,01/01/2015 22:00,1651
655,193,D,01/01/2015 23:00,1187
656,161,C,01/01/2015 00:00,869
657,161,C,01/01/2015 01:00,1621
658,161,C,01/01/2015 02:00,1178
659,161,C,01/01/2015 03:00,799
660,161,C,01/01/2015 04:00,659
661,161,C,01/01/2015 05:00,541
662,161,C,01/01/2015 06:00,398
663,161,C,01/01/2015 07:00,353
664,161,C,01/01/2015 08:00,319
665,161,C,01/01/2015 09:00,233
666,161,C,01/01/2015 10:00,370
667,161,C,01/01/2015 11:00,703
668,161,C,01/01/2015 12:00,1366
669,161,C,01/01/2015 13:00,1299
670,161,C,01/01/2015 14:00,872
671,161,C,01/01/2015 15:00,1005
672,161,C,01/01/2015 16:00,1362
673,161,C,01/01/2015 17:00,1716
674,161,C,01/01/2015 18:00,1486
675,161,C,01/01/2015 19:00,1233
676,161,C,01/01/2015 20:00,1077
677,161,C,01/01/2015 21:00,951
678,161,C,01/01/2015 22:00,940
679,161,C,01/01/2015 23:00,728
680,161,D,01/01/2015 00:00,728
681,161,D,01/01/2015 01:00,1037
682,161,D,01/01/2015 02:00,728
683,161,D,01/01/2015 03:00,535
684,161,D,01/01/2015 04:00,407
685,161,D,01/01/2015 05:00,340
686,161,D,01/01/2015 06:00,206
687,161,D,01/01/2015 07:00,295
688,161,D,01/01/2015 08:00,238
689,161,D,01/01/2015 09:00,230
690,161,D,01/01/2015 10:00,368
691,161,D,01/01/2015 11:00,682
692,161,D,01/01/2015 12:00,1165
693,161,D,01/01/2015 13:00,1230
694,161,D,01/01/2015 14:00,1074
695,161,D,01/01/2015 15:00,1341
696,161,D,01/01/2015 16:00,1247
697,161,D,01/01/2015 17:00,1210
698,161,D,01/01/2015 18:00,1057
699,161,D,01/01/2015 19:00,940
700,161,D,01/01/2015 20:00,791
701,161,D,01/01/2015 21:00,842
702,161,D,01/01/2015 22:00,637
703,161,D,01/01/2015 23:00,483
704,163,C,01/01/2015 00:00,1067
705,163,C,01/01/2015 01:00,1854
706,163,C,01/01/2015 02:00,1347
707,163,C,01/01/2015 03:00,903
708,163,C,01/01/2015 04:00,708
709,163,C,01/01/2015 05:00,600
710,163,C,01/01/2015 06:00,445
711,163,C,01/01/2015 07:00,404
712,163,C,01/01/2015 08:00,328
713,163,C,01/01/2015 09:00,242
714,163,C,01/01/2015 10:00,364
715,163,C,01/01/2015 11:00,737
716,163,C,01/01/2015 12:00,1422
717,163,C,01/01/2015 13:00,1456
718,163,C,01/01/2015 14:00,946
719,163,C,01/01/2015 15:00,1099
720,163,C,01/01/2015 16:00,1462
721,163,C,01/01/2015 17:00,1826
722,163,C,01/01/2015 18:00,1594
723,163,C,01/01/2015 19:00,1358
724,163,C,01/01/2015 20:00,1162
725,163,C,01/01/2015 21:00,1075
726,163,C,01/01/2015 22:00,1023
727,163,C,01/01/2015 23:00,773
728,163,D,01/01/2015 00:00,934
729,163,D,01/01/2015 01:00,1339
730,163,D,01/01/2015 02:00,904
731,163,D,01/01/2015 03:00,644
732,163,D,01/01/2015 04:00,481
733,163,D,01/01/2015 05:00,416
734,163,D,01/01/2015 06:00,294
735,163,D,01/01/2015 07:00,337
736,163,D,01/01/2015 08:00,298
737,163,D,01/01/2015 09:00,325
738,163,D,01/01/2015 10:00,479
739,163,D,01/01/2015 11:00,881
740,163,D,01/01/2015 12:00,1507
741,163,D,01/01/2015 13:00,1567
742,163,D,01/01/2015 14:00,1264
743,163,D,01/01/2015 15:00,1555
744,163,D,01/01/2015 16:00,1501
745,163,D,01/01/2015 17:00,1444
746,163,D,01/01/2015 18:00,1259
747,163,D,01/01/2015 19:00,1188
748,163,D,01/01/2015 20:00,1021
749,163,D,01/01/2015 21:00,1064
750,163,D,01/01/2015 22:00,868
751,163,D,01/01/2015 23:00,647
752,186,C,01/01/2015 00:00,484
753,186,C,01/01/2015 01:00,734
754,186,C,01/01/2015 02:00,547
755,186,C,01/01/2015 03:00,417
756,186,C,01/01/2015 04:00,354
757,186,C,01/01/2015 05:00,260
758,186,C,01/01/2015 06:00,193
759,186,C,01/01/2015 07:00,171
760,186,C,01/01/2015 08:00,167
761,186,C,01/01/2015 09:00,114
762,186,C,01/01/2015 10:00,182
763,186,C,01/01/2015 11:00,340
764,186,C,01/01/2015 12:00,671
765,186,C,01/01/2015 13:00,627
766,186,C,01/01/2015 14:00,357
767,186,C,01/01/2015 15:00,423
768,186,C,01/01/2015 16:00,775
769,186,C,01/01/2015 17:00,920
770,186,C,01/01/2015 18:00,723
771,186,C,01/01/2015 19:00,561
772,186,C,01/01/2015 20:00,483
773,186,C,01/01/2015 21:00,428
774,186,C,01/01/2015 22:00,392
775,186,C,01/01/2015 23:00,293
776,186,D,01/01/2015 00:00,519
777,186,D,01/01/2015 01:00,620
778,186,D,01/01/2015 02:00,403
779,186,D,01/01/2015 03:00,243
780,186,D,01/01/2015 04:00,175
781,186,D,01/01/2015 05:00,165
782,186,D,01/01/2015 06:00,144
783,186,D,01/01/2015 07:00,197
784,186,D,01/01/2015 08:00,135
785,186,D,01/01/2015 09:00,186
786,186,D,01/01/2015 10:00,290
787,186,D,01/01/2015 11:00,457
788,186,D,01/01/2015 12:00,663
789,186,D,01/01/2015 13:00,617
790,186,D,01/01/2015 14:00,665
791,186,D,01/01/2015 15:00,929
792,186,D,01/01/2015 16:00,786
793,186,D,01/01/2015 17:00,681
794,186,D,01/01/2015 18:00,547
795,186,D,01/01/2015 19:00,549
796,186,D,01/01/2015 20:00,516
797,186,D,01/01/2015 21:00,537
798,186,D,01/01/2015 22:00,427
799,186,D,01/01/2015 23:00,270
800,187,C,01/01/2015 00:00,682
801,187,C,01/01/2015 01:00,514
802,187,C,01/01/2015 02:00,282
803,187,C,01/01/2015 03:00,184
804,187,C,01/01/2015 04:00,182
805,187,C,01/01/2015 05:00,131
806,187,C,01/01/2015 06:00,162
807,187,C,01/01/2015 07:00,167
808,187,C,01/01/2015 08:00,152
809,187,C,01/01/2015 09:00,211
810,187,C,01/01/2015 10:00,377
811,187,C,01/01/2015 11:00,555
812,187,C,01/01/2015 12:00,665
813,187,C,01/01/2015 13:00,648
814,187,C,01/01/2015 14:00,923
815,187,C,01/01/2015 15:00,849
816,187,C,01/01/2015 16:00,642
817,187,C,01/01/2015 17:00,555
818,187,C,01/01/2015 18:00,534
819,187,C,01/01/2015 19:00,502
820,187,C,01/01/2015 20:00,531
821,187,C,01/01/2015 21:00,471
822,187,C,01/01/2015 22:00,338
823,187,C,01/01/2015 23:00,182
824,187,D,01/01/2015 00:00,0
825,187,D,01/01/2015 01:00,0
826,187,D,01/01/2015 02:00,0
827,187,D,01/01/2015 03:00,0
828,187,D,01/01/2015 04:00,0
829,187,D,01/01/2015 05:00,0
830,187,D,01/01/2015 06:00,0
831,187,D,01/01/2015 07:00,0
832,187,D,01/01/2015 08:00,0
833,187,D,01/01/2015 09:00,0
834,187,D,01/01/2015 10:00,0
835,187,D,01/01/2015 11:00,0
836,187,D,01/01/2015 12:00,0
837,187,D,01/01/2015 13:00,0
838,187,D,01/01/2015 14:00,0
839,187,D,01/01/2015 15:00,0
840,187,D,01/01/2015 16:00,0
841,187,D,01/01/2015 17:00,0
842,187,D,01/01/2015 18:00,0
843,187,D,01/01/2015 19:00,0
844,187,D,01/01/2015 20:00,0
845,187,D,01/01/2015 21:00,0
846,187,D,01/01/2015 22:00,0
847,187,D,01/01/2015 23:00,0
848,188,C,01/01/2015 00:00,444
849,188,C,01/01/2015 01:00,693
850,188,C,01/01/2015 02:00,522
851,188,C,01/01/2015 03:00,357
852,188,C,01/01/2015 04:00,342
853,188,C,01/01/2015 05:00,246
854,188,C,01/01/2015 06:00,193
855,188,C,01/01/2015 07:00,169
856,188,C,01/01/2015 08:00,162
857,188,C,01/01/2015 09:00,111
858,188,C,01/01/2015 10:00,199
859,188,C,01/01/2015 11:00,357
860,188,C,01/01/2015 12:00,669
861,188,C,01/01/2015 13:00,629
862,188,C,01/01/2015 14:00,377
863,188,C,01/01/2015 15:00,434
864,188,C,01/01/2015 16:00,735
865,188,C,01/01/2015 17:00,976
866,188,C,01/01/2015 18:00,709
867,188,C,01/01/2015 19:00,556
868,188,C,01/01/2015 20:00,475
869,188,C,01/01/2015 21:00,456
870,188,C,01/01/2015 22:00,380
871,188,C,01/01/2015 23:00,280
872,188,D,01/01/2015 00:00,477
873,188,D,01/01/2015 01:00,538
874,188,D,01/01/2015 02:00,322
875,188,D,01/01/2015 03:00,229
876,188,D,01/01/2015 04:00,167
877,188,D,01/01/2015 05:00,170
878,188,D,01/01/2015 06:00,131
879,188,D,01/01/2015 07:00,185
880,188,D,01/01/2015 08:00,119
881,188,D,01/01/2015 09:00,149
882,188,D,01/01/2015 10:00,243
883,188,D,01/01/2015 11:00,406
884,188,D,01/01/2015 12:00,579
885,188,D,01/01/2015 13:00,536
886,188,D,01/01/2015 14:00,670
887,188,D,01/01/2015 15:00,854
888,188,D,01/01/2015 16:00,690
889,188,D,01/01/2015 17:00,545
890,188,D,01/01/2015 18:00,521
891,188,D,01/01/2015 19:00,487
892,188,D,01/01/2015 20:00,489
893,188,D,01/01/2015 21:00,473
894,188,D,01/01/2015 22:00,370
895,188,D,01/01/2015 23:00,241
896,188,C,01/01/2015 00:00,350
897,188,C,01/01/2015 01:00,518
898,188,C,01/01/2015 02:00,369
899,188,C,01/01/2015 03:00,244
900,188,C,01/01/2015 04:00,243
901,188,C,01/01/2015 05:00,193
902,188,C,01/01/2015 06:00,119
903,188,C,01/01/2015 07:00,118
904,188,C,01/01/2015 08:00,118
905,188,C,01/01/2015 09:00,94
906,188,C,01/01/2015 10:00,175
907,188,C,01/01/2015 11:00,305
908,188,C,01/01/2015 12:00,528
909,188,C,01/01/2015 13:00,488
910,188,C,01/01/2015 14:00,292
911,188,C,01/01/2015 15:00,336
912,188,C,01/01/2015 16:00,573
913,188,C,01/01/2015 17:00,781
914,188,C,01/01/2015 18:00,533
915,188,C,01/01/2015 19:00,441
916,188,C,01/01/2015 20:00,377
917,188,C,01/01/2015 21:00,347
918,188,C,01/01/2015 22:00,283
919,188,C,01/01/2015 23:00,217
920,188,D,01/01/2015 00:00,384
921,188,D,01/01/2015 01:00,423
922,188,D,01/01/2015 02:00,262
923,188,D,01/01/2015 03:00,173
924,188,D,01/01/2015 04:00,148
925,188,D,01/01/2015 05:00,131
926,188,D,01/01/2015 06:00,98
927,188,D,01/01/2015 07:00,142
928,188,D,01/01/2015 08:00,93
929,188,D,01/01/2015 09:00,125
930,188,D,01/01/2015 10:00,194
931,188,D,01/01/2015 11:00,312
932,188,D,01/01/2015 12:00,444
933,188,D,01/01/2015 13:00,429
934,188,D,01/01/2015 14:00,522
935,188,D,01/01/2015 15:00,696
936,188,D,01/01/2015 16:00,550
937,188,D,01/01/2015 17:00,444
938,188,D,01/01/2015 18:00,441
939,188,D,01/01/2015 19:00,365
940,188,D,01/01/2015 20:00,422
941,188,D,01/01/2015 21:00,384
942,188,D,01/01/2015 22:00,306
943,188,D,01/01/2015 23:00,196
944,189,C,01/01/2015 00:00,248
945,189,C,01/01/2015 01:00,369
946,189,C,01/01/2015 02:00,247
947,189,C,01/01/2015 03:00,188
948,189,C,01/01/2015 04:00,161
949,189,C,01/01/2015 05:00,127
950,189,C,01/01/2015 06:00,90
951,189,C,01/01/2015 07:00,68
952,189,C,01/01/2015 08:00,92
953,189,C,01/01/2015 09:00,70
954,189,C,01/01/2015 10:00,131
955,189,C,01/01/2015 11:00,244
956,189,C,01/01/2015 12:00,439
957,189,C,01/01/2015 13:00,344
958,189,C,01/01/2015 14:00,215
959,189,C,01/01/2015 15:00,265
960,189,C,01/01/2015 16:00,402
961,189,C,01/01/2015 17:00,582
962,189,C,01/01/2015 18:00,362
963,189,C,01/01/2015 19:00,304
964,189,C,01/01/2015 20:00,295
965,189,C,01/01/2015 21:00,254
966,189,C,01/01/2015 22:00,205
967,189,C,01/01/2015 23:00,147
968,189,D,01/01/2015 00:00,292
969,189,D,01/01/2015 01:00,310
970,189,D,01/01/2015 02:00,188
971,189,D,01/01/2015 03:00,135
972,189,D,01/01/2015 04:00,103
973,189,D,01/01/2015 05:00,84
974,189,D,01/01/2015 06:00,74
975,189,D,01/01/2015 07:00,111
976,189,D,01/01/2015 08:00,65
977,189,D,01/01/2015 09:00,87
978,189,D,01/01/2015 10:00,170
979,189,D,01/01/2015 11:00,238
980,189,D,01/01/2015 12:00,359
981,189,D,01/01/2015 13:00,343
982,189,D,01/01/2015 14:00,413
983,189,D,01/01/2015 15:00,536
984,189,D,01/01/2015 16:00,421
985,189,D,01/01/2015 17:00,378
986,189,D,01/01/2015 18:00,346
987,189,D,01/01/2015 19:00,273
988,189,D,01/01/2015 20:00,335
989,189,D,01/01/2015 21:00,324
990,189,D,01/01/2015 22:00,223
991,189,D,01/01/2015 23:00,155
992,182,C,01/01/2015 00:00,529
993,182,C,01/01/2015 01:00,784
994,182,C,01/01/2015 02:00,540
995,182,C,01/01/2015 03:00,442
996,182,C,01/01/2015 04:00,351
997,182,C,01/01/2015 05:00,230
998,182,C,01/01/2015 06:00,173
999,182,C,01/01/2015 07:00,167
1000,182,C,01/01/2015 08:00,162
1001,182,C,01/01/2015 09:00,157
1002,182,C,01/01/2015 10:00,255
1003,182,C,01/01/2015 11:00,487
1004,182,C,01/01/2015 12:00,907
1005,182,C,01/01/2015 13:00,918
1006,182,C,01/01/2015 14:00,647
1007,182,C,01/01/2015 15:00,752
1008,182,C,01/01/2015 16:00,980
1009,182,C,01/01/2015 17:00,1065
1010,182,C,01/01/2015 18:00,890
1011,182,C,01/01/2015 19:00,743
1012,182,C,01/01/2015 20:00,656
1013,182,C,01/01/2015 21:00,629
1014,182,C,01/01/2015 22:00,574
1015,182,C,01/01/2015 23:00,371
1016,182,D,01/01/2015 00:00,740
1017,182,D,01/01/2015 01:00,1244
1018,182,D,01/01/2015 02:00,861
1019,182,D,01/01/2015 03:00,585
1020,182,D,01/01/2015 04:00,451
1021,182,D,01/01/2015 05:00,371
1022,182,D,01/01/2015 06:00,270
1023,182,D,01/01/2015 07:00,195
1024,182,D,01/01/2015 08:00,196
1025,182,D,01/01/2015 09:00,183
1026,182,D,01/01/2015 10:00,318
1027,182,D,01/01/2015 11:00,612
1028,182,D,01/01/2015 12:00,986
1029,182,D,01/01/2015 13:00,1050
1030,182,D,01/01/2015 14:00,791
1031,182,D,01/01/2015 15:00,1061
1032,182,D,01/01/2015 16:00,1244
1033,182,D,01/01/2015 17:00,1224
1034,182,D,01/01/2015 18:00,972
1035,182,D,01/01/2015 19:00,777
1036,182,D,01/01/2015 20:00,829
1037,182,D,01/01/2015 21:00,816
1038,182,D,01/01/2015 22:00,655
1039,182,D,01/01/2015 23:00,430
1040,183,C,01/01/2015 00:00,447
1041,183,C,01/01/2015 01:00,713
1042,183,C,01/01/2015 02:00,502
1043,183,C,01/01/2015 03:00,365
1044,183,C,01/01/2015 04:00,317
1045,183,C,01/01/2015 05:00,221
1046,183,C,01/01/2015 06:00,172
1047,183,C,01/01/2015 07:00,147
1048,183,C,01/01/2015 08:00,146
1049,183,C,01/01/2015 09:00,152
1050,183,C,01/01/2015 10:00,241
1051,183,C,01/01/2015 11:00,505
1052,183,C,01/01/2015 12:00,884
1053,183,C,01/01/2015 13:00,894
1054,183,C,01/01/2015 14:00,670
1055,183,C,01/01/2015 15:00,722
1056,183,C,01/01/2015 16:00,853
1057,183,C,01/01/2015 17:00,976
1058,183,C,01/01/2015 18:00,833
1059,183,C,01/01/2015 19:00,695
1060,183,C,01/01/2015 20:00,588
1061,183,C,01/01/2015 21:00,577
1062,183,C,01/01/2015 22:00,518
1063,183,C,01/01/2015 23:00,354
1064,183,D,01/01/2015 00:00,535
1065,183,D,01/01/2015 01:00,856
1066,183,D,01/01/2015 02:00,593
1067,183,D,01/01/2015 03:00,379
1068,183,D,01/01/2015 04:00,305
1069,183,D,01/01/2015 05:00,224
1070,183,D,01/01/2015 06:00,182
1071,183,D,01/01/2015 07:00,145
1072,183,D,01/01/2015 08:00,139
1073,183,D,01/01/2015 09:00,126
1074,183,D,01/01/2015 10:00,224
1075,183,D,01/01/2015 11:00,452
1076,183,D,01/01/2015 12:00,738
1077,183,D,01/01/2015 13:00,838
1078,183,D,01/01/2015 14:00,618
1079,183,D,01/01/2015 15:00,841
1080,183,D,01/01/2015 16:00,1049
1081,183,D,01/01/2015 17:00,1041
1082,183,D,01/01/2015 18:00,836
1083,183,D,01/01/2015 19:00,661
1084,183,D,01/01/2015 20:00,654
1085,183,D,01/01/2015 21:00,654
1086,183,D,01/01/2015 22:00,545
1087,183,D,01/01/2015 23:00,387
1088,184,C,01/01/2015 00:00,503
1089,184,C,01/01/2015 01:00,791
1090,184,C,01/01/2015 02:00,535
1091,184,C,01/01/2015 03:00,378
1092,184,C,01/01/2015 04:00,316
1093,184,C,01/01/2015 05:00,231
1094,184,C,01/01/2015 06:00,182
1095,184,C,01/01/2015 07:00,163
1096,184,C,01/01/2015 08:00,139
1097,184,C,01/01/2015 09:00,176
1098,184,C,01/01/2015 10:00,280
1099,184,C,01/01/2015 11:00,526
1100,184,C,01/01/2015 12:00,929
1101,184,C,01/01/2015 13:00,940
1102,184,C,01/01/2015 14:00,746
1103,184,C,01/01/2015 15:00,804
1104,184,C,01/01/2015 16:00,830
1105,184,C,01/01/2015 17:00,907
1106,184,C,01/01/2015 18:00,789
1107,184,C,01/01/2015 19:00,669
1108,184,C,01/01/2015 20:00,598
1109,184,C,01/01/2015 21:00,566
1110,184,C,01/01/2015 22:00,502
1111,184,C,01/01/2015 23:00,346
1112,184,D,01/01/2015 00:00,544
1113,184,D,01/01/2015 01:00,919
1114,184,D,01/01/2015 02:00,679
1115,184,D,01/01/2015 03:00,422
1116,184,D,01/01/2015 04:00,336
1117,184,D,01/01/2015 05:00,246
1118,184,D,01/01/2015 06:00,196
1119,184,D,01/01/2015 07:00,183
1120,184,D,01/01/2015 08:00,154
1121,184,D,01/01/2015 09:00,154
1122,184,D,01/01/2015 10:00,242
1123,184,D,01/01/2015 11:00,438
1124,184,D,01/01/2015 12:00,790
1125,184,D,01/01/2015 13:00,899
1126,184,D,01/01/2015 14:00,624
1127,184,D,01/01/2015 15:00,850
1128,184,D,01/01/2015 16:00,1099
1129,184,D,01/01/2015 17:00,1234
1130,184,D,01/01/2015 18:00,985
1131,184,D,01/01/2015 19:00,741
1132,184,D,01/01/2015 20:00,738
1133,184,D,01/01/2015 21:00,755
1134,184,D,01/01/2015 22:00,612
1135,184,D,01/01/2015 23:00,435
1136,124680,C,01/01/2015 00:00,166
1137,124680,C,01/01/2015 01:00,251
1138,124680,C,01/01/2015 02:00,207
1139,124680,C,01/01/2015 03:00,130
1140,124680,C,01/01/2015 04:00,93
1141,124680,C,01/01/2015 05:00,46
1142,124680,C,01/01/2015 06:00,35
1143,124680,C,01/01/2015 07:00,37
1144,124680,C,01/01/2015 08:00,53
1145,124680,C,01/01/2015 09:00,82
1146,124680,C,01/01/2015 10:00,145
1147,124680,C,01/01/2015 11:00,208
1148,124680,C,01/01/2015 12:00,291
1149,124680,C,01/01/2015 13:00,288
1150,124680,C,01/01/2015 14:00,312
1151,124680,C,01/01/2015 15:00,433
1152,124680,C,01/01/2015 16:00,582
1153,124680,C,01/01/2015 17:00,745
1154,124680,C,01/01/2015 18:00,694
1155,124680,C,01/01/2015 19:00,394
1156,124680,C,01/01/2015 20:00,223
1157,124680,C,01/01/2015 21:00,190
1158,124680,C,01/01/2015 22:00,143
1159,124680,C,01/01/2015 23:00,86
1160,124680,D,01/01/2015 00:00,53
1161,124680,D,01/01/2015 01:00,86
1162,124680,D,01/01/2015 02:00,56
1163,124680,D,01/01/2015 03:00,45
1164,124680,D,01/01/2015 04:00,41
1165,124680,D,01/01/2015 05:00,33
1166,124680,D,01/01/2015 06:00,33
1167,124680,D,01/01/2015 07:00,35
1168,124680,D,01/01/2015 08:00,34
1169,124680,D,01/01/2015 09:00,47
1170,124680,D,01/01/2015 10:00,78
1171,124680,D,01/01/2015 11:00,261
1172,124680,D,01/01/2015 12:00,357
1173,124680,D,01/01/2015 13:00,299
1174,124680,D,01/01/2015 14:00,416
1175,124680,D,01/01/2015 15:00,564
1176,124680,D,01/01/2015 16:00,534
1177,124680,D,01/01/2015 17:00,442
1178,124680,D,01/01/2015 18:00,351
1179,124680,D,01/01/2015 19:00,246
1180,124680,D,01/01/2015 20:00,181
1181,124680,D,01/01/2015 21:00,177
1182,124680,D,01/01/2015 22:00,148
1183,124680,D,01/01/2015 23:00,83
